facility_name,state,avg_ratio,conditions_tracked
OROVILLE HOSPITAL,CA,1.2484,5
WINCHESTER HOSPITAL,MA,1.2212,5
ST LUCIE MEDICAL CENTER,FL,1.2014,5
"NEW YORK COMMUNITY HOSPITAL OF BROOKLYN, INC.",NY,1.1778,3
ALLIANCEHEALTH DURANT,OK,1.1735,5
BROWN UNIVERSITY HEALTH MORTON HOSPITAL,MA,1.1715,5
GREAT PLAINS REGIONAL MEDICAL CENTER,OK,1.165,3
ST JOHN'S EPISCOPAL HOSPITAL AT SOUTH SHORE,NY,1.1635,3
STURDY MEMORIAL HOSPITAL,MA,1.1569,4
HOLY FAMILY HOSPITAL,MA,1.1552,5
JEFFERSON STRATFORD HOSPITAL,NJ,1.1551,5
GOOD SAMARITAN MEDICAL CENTER,FL,1.1538,5
UNIVERSITY OF ALABAMA HOSPITAL,AL,1.1516,6
MELROSEWAKEFIELD HEALTHCARE,MA,1.1506,5
CENTINELA HOSPITAL MEDICAL CENTER,CA,1.1441,4
CARLE BROMENN MEDICAL CENTER,IL,1.144,6
ADVENTHEALTH ORLANDO,FL,1.1426,6
TUFTS MEDICAL CENTER,MA,1.1393,6
MCLAREN BAY REGION,MI,1.1384,6
FAIRFIELD MEDICAL CENTER,OH,1.1378,6
HCA FLORIDA NORTHSIDE HOSPITAL,FL,1.136,6
ST JOE MERCY HOSPITAL SYSTEM LIVONIA,MI,1.1346,5
HCA FLORIDA TRINITY HOSPITAL,FL,1.1332,5
SSM HEALTH ST ANTHONY HOSPITAL - MIDWEST,OK,1.1295,5
UPMC ST MARGARET,PA,1.129,4
DESERT VALLEY HOSPITAL,CA,1.1283,5
REGIONAL MEDICAL CENTER OF SAN JOSE,CA,1.1279,5
ROBERT WOOD JOHNSON UNIVERSITY HOSPITAL,NJ,1.1265,6
ST MARY'S HOSPITAL,GA,1.1239,5
GUADALUPE REGIONAL MEDICAL CENTER,TX,1.1233,5
ADVOCATE CHRIST HOSPITAL & MEDICAL CENTER,IL,1.1201,6
SAINT FRANCIS HOSPITAL MUSKOGEE,OK,1.1196,5
HERRIN HOSPITAL,IL,1.1195,4
MERCY HOSPITAL ST LOUIS,MO,1.1158,6
SAINT JOSEPH EAST,KY,1.1157,4
CAPE COD HOSPITAL,MA,1.1155,6
ST ROSE HOSPITAL,CA,1.1155,5
BROWARD HEALTH NORTH,FL,1.115,5
THOMAS JEFFERSON UNIVERSITY HOSPITAL,PA,1.1138,6
COMMUNITY MEDICAL CENTER,NJ,1.1122,5
HCA FLORIDA OAK HILL HOSPITAL,FL,1.112,6
MERCY MEDICAL CENTER INC,MD,1.1106,4
JEFFERSON HEALTH- NORTHEAST,PA,1.1096,6
ANNA JAQUES HOSPITAL,MA,1.1093,4
SAINT ANTHONY MEDICAL CENTER,IL,1.1091,6
SOUTH BROOKLYN HEALTH,NY,1.1079,4
ZUCKERBERG SAN FRANCISCO GENERAL HOSP & TRAUMA CTR,CA,1.1078,5
ST MARY MEDICAL CENTER,PA,1.107,6
UNIVERSITY MEDICAL CENTER OF PRINCETON AT PLAINSBORO,NJ,1.1067,5
BAYSTATE MEDICAL CENTER,MA,1.1066,6
ECU HEALTH MEDICAL CENTER,NC,1.1065,6
SAVANNAH HEALTH SERVICES LLC DBA MEMORIAL HEALTH UNIVERSITY MEDICAL CENTER,GA,1.1055,6
PARK NICOLLET METHODIST HOSPITAL,MN,1.1031,6
MONROE COUNTY MEDICAL CENTER,KY,1.1027,3
UCI HEALTH - LOS ALAMITOS,CA,1.1017,5
MONMOUTH MEDICAL CENTER-SOUTHERN CAMPUS,NJ,1.1016,3
LOUIS A WEISS MEMORIAL HOSPITAL,IL,1.1012,5
UNITY HOSPITAL,NY,1.1007,5
PHOENIXVILLE HOSPITAL,PA,1.0999,4
BAXTER HEALTH,AR,1.0998,6
RUSSELLVILLE HOSPITAL,AL,1.0995,3
BAPTIST MEMORIAL HOSPITAL,TN,1.0987,6
OSF LITTLE COMPANY OF MARY MEDICAL CENTER,IL,1.0982,4
UCLA WEST VALLEY MEDICAL CENTER,CA,1.098,6
HENRY FORD HEALTH WEST BLOOMFIELD HOSPITAL,MI,1.0965,4
ROBERT WOOD JOHNSON UNIVERSITY HOSPITAL - SOMERSET,NJ,1.0956,5
SENTARA LEIGH HOSPITAL,VA,1.0951,5
HCA FLORIDA LAWNWOOD HOSPITAL,FL,1.0947,5
WEST JERSEY HOSPITAL,NJ,1.0947,5
Adventhealth Port Charlotte,FL,1.0938,5
PROVIDENCE ST MARY MEDICAL CENTER,CA,1.0935,5
EMANATE HEALTH INTER-COMMUNITY HOSPITAL,CA,1.0934,6
ST LUKE'S HOSPITAL - MONROE CAMPUS,PA,1.0932,5
SYCAMORE SHOALS HOSPITAL,TN,1.0926,4
NEWARK-WAYNE COMMUNITY HOSPITAL,NY,1.0921,3
MEMORIAL HOSPITAL WEST,FL,1.0918,5
TUG VALLEY ARH REGIONAL MEDICAL CENTER,KY,1.0918,3
INSPIRA MEDICAL CENTER VINELAND,NJ,1.0916,4
SOUTHWEST GENERAL HEALTH CENTER,OH,1.091,5
SOIN MEDICAL CENTER,OH,1.0909,4
DOCTORS MEDICAL CENTER,CA,1.0908,5
NASSAU UNIVERSITY MEDICAL CENTER,NY,1.0907,3
LEHIGH VALLEY HOSPITAL,PA,1.0906,6
MCLAREN FLINT,MI,1.0906,6
SLIDELL MEMORIAL HOSPITAL,LA,1.0904,5
FLOWERS HOSPITAL,AL,1.0902,6
MAIMONIDES MEDICAL CENTER,NY,1.0896,6
BRONSON BATTLE CREEK HOSPITAL,MI,1.0893,4
BRONXCARE HOSPITAL CENTER,NY,1.0893,3
TRISTAR GREENVIEW REGIONAL HOSPITAL,KY,1.0892,5
JEFFERSON HOSPITAL,PA,1.0883,6
SHASTA REGIONAL MEDICAL CENTER,CA,1.0875,6
LEXINGTON MEDICAL CENTER,SC,1.0873,6
HCA FLORIDA SOUTH SHORE HOSPITAL,FL,1.087,5
ALASKA REGIONAL HOSPITAL,AK,1.0864,6
UMASS MEMORIAL HEALTH - HARRINGTON HOSPITAL,MA,1.0861,3
MIDSTATE MEDICAL CENTER,CT,1.0858,4
NORTHEAST ALABAMA REGIONAL MEDICAL CENTER,AL,1.0858,5
UW HEALTH,IL,1.0857,5
FRANCISCAN HEALTH MICHIGAN CITY,IN,1.0855,5
HCA FLORIDA FORT WALTON-DESTIN HOSPITAL,FL,1.0854,6
METHODIST HOSPITALS INC,IN,1.0854,4
SOUTH CENTRAL REG MED CTR,MS,1.0851,5
Henry Ford Health Warren Hospital,MI,1.0848,5
PALOS COMMUNITY HOSPITAL,IL,1.0843,6
TANNER MEDICAL CENTER VILLA RICA,GA,1.0828,4
ORLANDO HEALTH SOUTH LAKE HOSPITAL,FL,1.0818,5
MEMORIAL HOSPITAL OF GARDENA,CA,1.0817,3
"SAINT FRANCIS HOSPITAL SOUTH, LLC",OK,1.0816,5
LEWISGALE MEDICAL CENTER,VA,1.0814,6
THOMAS MEMORIAL HOSPITAL,WV,1.0814,5
DCH REGIONAL MEDICAL CENTER,AL,1.0805,4
LANDMARK MEDICAL CENTER,RI,1.0805,4
NYACK HOSPITAL,NY,1.0805,5
MOUNT SINAI SOUTH NASSAU,NY,1.0804,5
HCA FLORIDA BAYONET POINT HOSPITAL,FL,1.0798,6
TUCSON MEDICAL CENTER,AZ,1.0797,6
COOKEVILLE REGIONAL MEDICAL CENTER,TN,1.0796,6
ST JOSEPH'S HOSPITAL HEALTH CENTER,NY,1.0794,6
HCA FLORIDA TWIN CITIES HOSPITAL,FL,1.0793,3
SAN DIMAS COMMUNITY HOSPITAL,CA,1.0793,4
HCA FLORIDA PASADENA HOSPITAL A PART OF HCA FLORID,FL,1.0788,5
OUR LADY OF FATIMA HOSPITAL,RI,1.0784,4
AUBURN  COMMUNITY  HOSPITAL,NY,1.0783,4
TRINITY HEALTH OAKLAND HOSPITAL,MI,1.0782,6
UMASS MEMORIAL HEALTHCARE-MARLBOROUGH HOSPITAL,MA,1.0778,4
COOPER UNIVERSITY HOSPITAL,NJ,1.0777,6
CAROMONT REGIONAL MEDICAL CENTER,NC,1.0776,6
CLEVELAND CLINIC MARTIN NORTH HOSPITAL,FL,1.0773,6
GARDEN CITY HOSPITAL,MI,1.0772,5
MILFORD REGIONAL MEDICAL CENTER,MA,1.077,5
ST BERNARDS MEDICAL CENTER,AR,1.077,5
HCA FLORIDA JFK HOSPITAL,FL,1.0765,6
PROMEDICA MONROE REGIONAL HOSPITAL,MI,1.0764,4
DUKE HEALTH LAKE NORMAN HOSPITAL,NC,1.0763,5
"NORTON HOSPITALS, INC",KY,1.0761,6
PROVIDENCE SAINT JOSEPH MEDICAL CTR,CA,1.0756,6
CAREPOINT HEALTH - BAYONNE MEDICAL CENTER,NJ,1.0755,5
SOUTHWEST MEDICAL CENTER,KS,1.0754,4
MARION COMMUNTIY HOSPITAL,FL,1.0749,6
RICHMOND UNIVERSITY MEDICAL CENTER,NY,1.0749,5
CAMDEN CLARK MEDICAL CENTER,WV,1.0746,6
COMMUNITY HOSPITAL OF HUNTINGTON PARK,CA,1.0743,3
GLENWOOD REGIONAL MEDICAL CENTER,LA,1.0738,6
BRYN MAWR HOSPITAL,PA,1.0732,5
DAY KIMBALL HOSPITAL,CT,1.0732,3
ADVENTIST HEALTH SIMI VALLEY,CA,1.073,5
HONORHEALTH DEER VALLEY MEDICAL CENTER,AZ,1.0729,6
UNIVERSITY HOSPITAL AND MEDICAL CENTER,FL,1.0729,4
DELRAY MEDICAL CENTER,FL,1.0725,6
METROWEST MEDICAL CENTER,MA,1.0723,4
PIH HEALTH GOOD SAMARITAN HOSPITAL,CA,1.0723,6
FORT SANDERS REGIONAL MEDICAL CENTER,TN,1.0722,6
THE JEWISH HOSPITAL-MERCY HEALTH,OH,1.072,6
COLQUITT REGIONAL MEDICAL CENTER,GA,1.0716,4
F F THOMPSON HOSPITAL,NY,1.0714,3
HANNIBAL REGIONAL HOSPITAL,MO,1.0713,5
SWEETWATER HOSPITAL ASSOCIATION,TN,1.0713,3
COMANCHE COUNTY MEMORIAL HOSPITAL,OK,1.0712,6
EDWARD HOSPITAL,IL,1.0712,6
ADVENTIST HEALTHCARE SHADY GROVE MEDICAL CENTER,MD,1.0711,5
COMMUNITY REGIONAL MEDICAL CENTER,CA,1.071,5
OVERLAND PARK REG MED CTR,KS,1.071,6
FROEDTERT MEMORIAL LUTHERAN HOSPITAL,WI,1.0708,5
MIAMI VALLEY HOSPITAL,OH,1.0707,6
TENNOVA HEALTHCARE-CLARKSVILLE,TN,1.0706,4
GOOD SAMARITAN HOSPITAL,CA,1.0703,6
HENRICO DOCTORS' HOSPITAL,VA,1.0702,6
UNIVERSITY OF TEXAS MEDICAL BRANCH GALVESTON,TX,1.0701,5
MCLEOD REGIONAL MEDICAL CENTER-PEE DEE,SC,1.07,6
ST ELIZABETH FT THOMAS,KY,1.0697,3
ALTON MEMORIAL HOSPITAL,IL,1.0696,5
BAPTIST MEMORIAL HOSPITAL NORTH MS,MS,1.0692,6
LAKES REGIONAL HEALTHCARE,IA,1.0692,4
MEDICAL CITY FORT WORTH,TX,1.0692,6
NORTH MEMORIAL HEALTH HOSPITAL,MN,1.0691,5
SAINT AGNES MEDICAL CENTER,CA,1.0689,6
GRAND STRAND REGIONAL MEDICAL CENTER,SC,1.0688,6
GREENEVILLE COMMUNITY HOSPITAL,TN,1.0685,3
UNION HOSPITAL INC,IN,1.0685,6
MARY WASHINGTON HOSPITAL,VA,1.0682,6
PAINTSVILLE ARH HOSPITAL,KY,1.0681,3
AFFILIATE OF VITRUVIAN HEALTH,TN,1.0679,5
BETHESDA NORTH,OH,1.0674,6
ST LUKE'S WARREN HOSPITAL,NJ,1.0673,4
HCA FLORIDA LAKE CITY HOSPITAL,FL,1.0671,4
MEMORIAL REGIONAL HOSPITAL,FL,1.0671,6
SOUTH SHORE HOSPITAL,MA,1.0671,5
TERRE HAUTE REGIONAL HOSPITAL,IN,1.0671,5
WEST ANAHEIM MEDICAL CENTER,CA,1.067,4
HARLAN ARH HOSPITAL,KY,1.0669,3
RIVERVIEW REGIONAL MEDICAL CENTER,AL,1.0669,5
BEAUMONT HOSPITAL - GROSSE POINTE,MI,1.0668,5
CAROLINA PINES REGIONAL MEDICAL CENTER,SC,1.0664,3
SAINT LUKE'S SOUTH HOSPITAL,KS,1.0664,5
ST PETER'S HOSPITAL,NY,1.0664,6
BELTON REGIONAL MEDICAL CENTER,MO,1.0657,4
MUSC MEDICAL CENTER,SC,1.0656,6
WYANDOTTE HOSPITAL AND MEDICAL CENTER,MI,1.0656,4
SKY RIDGE MEDICAL CENTER,CO,1.0651,5
PHELPS COUNTY REGIONAL MEDICAL CENTER,MO,1.065,5
GENESIS MEDICAL CENTER-DAVENPORT,IA,1.0649,6
BROWARD HEALTH CORAL SPRINGS,FL,1.0646,4
HCA FLORIDA MERCY HOSPITAL,FL,1.0643,5
HONORHEALTH SCOTTSDALE SHEA MEDICAL CENTER,AZ,1.0641,6
COREWELL HEALTH TRENTON HOSPITAL,MI,1.064,4
CENTRASTATE MEDICAL CENTER,NJ,1.0639,4
LEHIGH VALLEY HOSPITAL - POCONO,PA,1.0639,6
MAURY REGIONAL HOSPITAL,TN,1.0637,5
MERCY ST VINCENT MEDICAL CENTER,OH,1.0634,6
PRISMA HEALTH OCONEE MEMORIAL HOSPITAL,SC,1.0631,5
MACNEAL  HOSPITAL,IL,1.0626,4
NEWARK BETH ISRAEL MEDICAL CENTER,NJ,1.0626,5
ADVENTHEALTH HEART OF FLORIDA,FL,1.0625,5
CHELSEA HOSPITAL,MI,1.0625,4
EMORY DECATUR HOSPITAL,GA,1.0625,5
CHEYENNE REGIONAL MEDICAL CENTER,WY,1.0622,6
PARKWEST MEDICAL CENTER,TN,1.062,6
ROCHESTER GENERAL HOSPITAL,NY,1.0619,6
HCA HOUSTON HEALTHCARE CONROE,TX,1.0617,5
HOLY CROSS GERMANTOWN HOSPITAL,MD,1.0617,5
KETTERING HEALTH DAYTON,OH,1.0615,6
NORTH VISTA HOSPITAL,NV,1.0613,3
UPSON REGIONAL MEDICAL CENTER,GA,1.0612,4
CARLE FOUNDATION HOSPITAL,IL,1.0607,6
JUPITER MEDICAL CENTER,FL,1.0604,6
MOUNT SINAI BETH ISRAEL,NY,1.0604,4
EAST LIVERPOOL CITY HOSPITAL,OH,1.0602,4
LOWELL GENERAL HOSPITAL,MA,1.0601,5
PIKEVILLE MEDICAL CENTER,KY,1.0601,5
ADVOCATE GOOD SHEPHERD HOSPITAL,IL,1.0599,6
HOLYOKE MEDICAL CENTER,MA,1.0596,4
PARMA COMMUNITY GENERAL HOSPITAL,OH,1.0595,5
SIERRA NEVADA MEMORIAL HOSPITAL,CA,1.0595,4
BRISTOL HOSPITAL,CT,1.0594,3
SUMMERLIN HOSPITAL MEDICAL CENTER,NV,1.0594,5
CEDAR PARK REGIONAL MEDICAL CENTER,TX,1.0593,5
SIERRA MEDICAL CENTER,TX,1.0593,5
THE HOSPITALS OF PROVIDENCE TRANSMOUNTAIN CAMPUS,TX,1.0592,3
CARTERET GENERAL HOSPITAL,NC,1.0591,5
INSPIRA MEDICAL CENTER MULLICA HILL,NJ,1.0588,4
RIVERSIDE COMMUNITY HOSPITAL,CA,1.0588,6
HOWARD UNIVERSITY HOSPITAL CORP,DC,1.0581,4
BEAUMONT HOSPITAL - DEARBORN,MI,1.0579,6
COLUMBUS REGIONAL HEALTHCARE SYSTEM,NC,1.0579,4
HCA HEALTHONE ROSE,CO,1.0579,5
JAMAICA HOSPITAL MEDICAL CENTER,NY,1.0579,4
PRESENCE MERCY MEDICAL CENTER,IL,1.0579,4
SSM HEALTH SAINT LOUIS UNIVERSITY HOSPITAL,MO,1.0579,5
ST BERNARDINE MEDICAL CENTER,CA,1.0579,6
TRINITAS REGIONAL MEDICAL CENTER,NJ,1.0579,3
UMASS MEMORIAL HEALTHALLIANCE HOSPITALS,MA,1.0578,4
CHARLOTTE HUNGERFORD HOSPITAL,CT,1.0577,3
MEDICAL CITY ARLINGTON,TX,1.0577,5
ST MARYS HOSPITAL,IL,1.0576,4
VALLEY PRESBYTERIAN HOSPITAL,CA,1.0576,5
HONORHEALTH SONORAN CROSSING MEDICAL CENTER,AZ,1.0575,4
MEMORIAL HERMANN HOSPITAL SYSTEM,TX,1.0574,6
CASTLEVIEW HOSPITAL,UT,1.0573,4
LOYOLA GOTTLIEB MEMORIAL HOSPITAL,IL,1.0573,4
MEDICAL CITY DECATUR,TX,1.0573,4
SUMMA HEALTH SYSTEM,OH,1.0573,6
EMANUEL MEDICAL CENTER,CA,1.057,5
NORTHWEST HEALTH-LA PORTE,IN,1.0569,4
WASHINGTON HOSPITAL,CA,1.0569,6
ST JOSEPH'S UNIVERSITY MEDICAL CENTER INC,NJ,1.0568,6
ADVOCATE SHERMAN HOSPITAL,IL,1.0567,5
ASHTABULA COUNTY MEDICAL CENTER,OH,1.0566,4
DELTA HEALTH SYSTEM - THE MEDICAL CENTER,MS,1.0566,4
MERCY HEALTH - LOURDES HOSPITAL,KY,1.0566,6
SAMPSON REGIONAL MEDICAL CENTER,NC,1.0566,3
BYRD REGIONAL HOSPITAL,LA,1.0565,3
KAISER FOUNDATION HOSPITAL - OAKLAND/RICHMOND,CA,1.0562,4
NORTH OAKS MEDICAL CENTER,LA,1.0561,5
MORRISTOWN HAMBLEN HOSPITAL ASSOCIATION,TN,1.056,4
ST VINCENT'S BIRMINGHAM,AL,1.056,6
AURORA MEDICAL CENTER BAY AREA,WI,1.0557,3
ELMHURST MEMORIAL HOSPITAL,IL,1.0557,6
PALISADES MEDICAL CENTER,NJ,1.0557,3
SENTARA NORTHERN VIRGINIA MEDICAL CENTER,VA,1.0557,4
BSA HOSPITAL,TX,1.0553,6
ONEIDA HEALTH HOSPITAL,NY,1.0551,3
HCA FLORIDA PALMS WEST HOSPITAL,FL,1.055,4
COLLETON MEDICAL CENTER,SC,1.0549,4
JEFFERSON ABINGTON HOSPITAL,PA,1.0549,6
HOUSTON METHODIST SUGARLAND HOSPITAL,TX,1.0548,6
WINTER HAVEN HOSPITAL,FL,1.0548,5
ADVOCATE TRINITY HOSPITAL,IL,1.0547,5
HCA FLORIDA PUTNAM HOSPITAL,FL,1.0545,5
MERCY HOSPITAL SOUTH,MO,1.0545,6
SUNRISE HOSPITAL AND MEDICAL CENTER,NV,1.0545,6
MOUNT ST. MARY'S HOSPITAL & HEALTH CENTER,NY,1.0543,3
CAPITAL MEDICAL CENTER,WA,1.0542,5
GLENDALE ADVENTIST MEDICAL CENTER,CA,1.0541,6
"LUMINIS HEALTH DOCTORS COMMUNITY MEDICAL CTR, INC",MD,1.0541,4
TEXAS HEALTH HARRIS METHODIST HURST-EULESS-BEDFORD,TX,1.0541,5
TEMPLE HEALTH - CHESTNUT HILL HOSPITAL,PA,1.054,4
NORMAN REGIONAL,OK,1.0536,6
LOMPOC VALLEY MEDICAL CENTER,CA,1.0535,4
HENDRICK MEDICAL CENTER BROWNWOOD,TX,1.0534,5
MC DONOUGH DISTRICT HOSPITAL,IL,1.0533,3
CROUSE HOSPITAL,NY,1.0532,5
HAZARD ARH REGIONAL MEDICAL CENTER,KY,1.0531,4
INGALLS MEMORIAL HOSPITAL,IL,1.0531,5
BAYLOR SCOTT & WHITE MEDICAL CENTER AT IRVING,TX,1.0529,4
BOSTON MEDICAL CENTER-BRIGHTON,MA,1.0529,6
GOOD SAMARITAN MEDICAL CENTER,MA,1.0529,5
ST VINCENT HOSPITAL,MA,1.0529,6
ADVENTHEALTH LAKE WALES,FL,1.0528,3
HURON VALLEY-SINAI HOSPITAL,MI,1.0528,5
HCA FLORIDA OSCEOLA HOSPITAL,FL,1.0527,5
RIDDLE MEMORIAL HOSPITAL,PA,1.0526,5
TAMPA GENERAL HOSPITAL,FL,1.0523,6
MCLEOD HEALTH CHERAW,SC,1.0521,3
PALM BEACH GARDENS MEDICAL CENTER,FL,1.0516,6
PHYSICIANS REGIONAL MEDICAL CENTER,TN,1.0516,6
TAMPA GENERAL HOSPITAL BROOKSVILLE,FL,1.0516,4
EAST OHIO REGIONAL HOSPITAL,OH,1.0515,3
PROVIDENCE HOLY CROSS MEDICAL CENTER,CA,1.0515,5
BOCA RATON REGIONAL HOSPITAL,FL,1.0514,6
JOHN F KENNEDY MEMORIAL HOSPITAL,CA,1.0514,4
LEWISGALE HOSPITAL MONTGOMERY,VA,1.0514,5
MERCY GENERAL HOSPITAL,CA,1.0514,6
WHITE ROCK MEDICAL CENTER,TX,1.0512,3
BAYLOR SCOTT & WHITE MEDICAL CENTER- WAXAHACHIE,TX,1.051,4
CONWAY MEDICAL CENTER,SC,1.051,4
GARDEN GROVE HOSPITAL & MEDICAL CENTER,CA,1.051,3
ADVENTHEALTH OTTAWA,KS,1.0509,3
Memorial Hospital Biloxi,MS,1.0509,3
HCA HOUSTON HEALTHCARE NORTHWEST,TX,1.0508,3
BON SECOURS SOUTHSIDE MEDICAL CENTER,VA,1.0507,4
KETTERING HEALTH MAIN CAMPUS,OH,1.0507,5
RALEIGH GENERAL HOSPITAL,WV,1.0507,4
GRAND ISLAND REGIONAL MEDICAL CENTER,NE,1.0504,3
OSF SACRED HEART MEDICAL CENTER,IL,1.0504,4
LIMA MEMORIAL HEALTH SYSTEM,OH,1.0503,5
RUSSELL COUNTY HOSPITAL,VA,1.0503,3
COMMUNITY MEMORIAL HOSPITAL,WI,1.0499,5
ATRIUM HEALTH FLOYD MEDICAL CENTER,GA,1.0498,5
SAINT JOSEPH HOSPITAL,KY,1.0496,6
HCA FLORIDA NORTHWEST HOSPITAL,FL,1.0495,4
MEDICAL CITY WEATHERFORD,TX,1.0495,5
PARADISE VALLEY HOSPITAL,CA,1.0495,4
VASSAR BROTHERS MEDICAL CENTER,NY,1.0495,5
BAPTIST HEALTH MEDICAL CENTER NORTH LITTLE ROCK,AR,1.0494,6
HCA FLORIDA LEHIGH REGIONAL MEDICAL CENTER,FL,1.0493,3
MEMORIALCARE LONG BEACH MEDICAL CENTER,CA,1.0492,6
UNITED MEMORIAL MEDICAL CENTER,NY,1.0491,3
ADVENTHEALTH NORTH PINELLAS,FL,1.0487,4
MERCY CATHOLIC MEDICAL CENTER- MERCY FITZGERALD,PA,1.0486,4
UNIVERSITY OF MISSISSIPPI MEDICAL CENTER- GRENADA,MS,1.0486,3
COMMUNITY HOSPITAL,IN,1.0485,6
HCA FLORIDA GULF COAST HOSPITAL,FL,1.0485,5
HOUSTON METHODIST WILLOWBROOK HOSPITAL,TX,1.0485,5
REID HEALTH,IN,1.0485,6
ROBERT WOOD JOHNSON UNIVERSITY HOSPITAL AT HAMILTON,NJ,1.0484,5
DOCTORS HOSPITAL OF MANTECA,CA,1.0483,3
HIALEAH HOSPITAL,FL,1.0483,4
ST MARY'S GENERAL HOSPITAL,NJ,1.0482,4
SOUTHWEST MS REGIONAL MEDICAL CENTER,MS,1.0481,4
CALIFORNIA PACIFIC MEDICAL CENTER- VAN NESS CAMPUS,CA,1.0479,5
BON SECOURS ST FRANCIS MEDICAL CENTER,VA,1.0478,5
MOUNTAIN VIEW REGIONAL MEDICAL CENTER,NM,1.0478,5
PORTSMOUTH REGIONAL HOSPITAL,NH,1.0478,6
"BAPTIST MEMORIAL HOSPITAL JONESBORO, INC.",AR,1.0476,5
SSM HEALTH ST MARY'S HOSPITAL -CENTRALIA,IL,1.0476,3
HCA FLORIDA FAWCETT HOSPITAL,FL,1.0474,6
BAYLOR SCOTT & WHITE MEDICAL CENTER PLANO,TX,1.0473,5
"BAYHEALTH MEDICAL CENTER, KENT CAMPUS",DE,1.047,6
HCA FLORIDA POINCIANA HOSPITAL,FL,1.047,4
BAYSTATE WING HOSPITAL,MA,1.0469,3
CALIFORNIA HOSPITAL MEDICAL CENTER LA,CA,1.0469,4
PHOEBE SUMTER MEDICAL CENTER,GA,1.0469,3
EXCELA HEALTH WESTMORELAND REGIONAL HOSPITAL,PA,1.0466,6
SAINT FRANCIS HOSPITAL-EVANSTON,IL,1.0464,5
COOPERMAN BARNABAS MEDICAL CENTER,NJ,1.0463,6
SHERMAN OAKS HOSPITAL,CA,1.0463,5
SHORE MEDICAL CENTER,NJ,1.0461,4
PRESENCE SAINTS MARY AND ELIZABETH MEDICAL CENTER,IL,1.046,4
LOYOLA UNIVERSITY MEDICAL CENTER,IL,1.0458,6
NAVARRO REGIONAL HOSPITAL,TX,1.0458,4
BALDWIN HEALTH,AL,1.0457,5
BROOKLYN HOSPITAL CENTER - DOWNTOWN CAMPUS,NY,1.0456,5
DEACONESS HOSPITAL INC,IN,1.0456,6
HENDERSON HOSPITAL,NV,1.0456,5
ST FRANCIS HOSPITAL,TN,1.0456,6
BAYLOR SCOTT AND WHITE  MEDICAL CENTER  MCKINNEY,TX,1.0454,5
CAPITAL HEALTH MEDICAL CENTER - HOPEWELL,NJ,1.0452,5
DOYLESTOWN HOSPITAL,PA,1.0452,6
JOHNS HOPKINS HOWARD COUNTY MEDICAL CENTER,MD,1.0447,5
"COOLEY DICKINSON HOSPITAL INC,THE",MA,1.0446,4
Memorial Satilla Health,GA,1.0445,4
MAGEE WOMENS HOSPITAL OF UPMC HEALTH SYSTEM,PA,1.0444,3
"SAINT JOSEPH'S HOSPITAL OF ATLANTA, INC",GA,1.0444,5
NORTH AUSTIN MEDICAL CENTER,TX,1.0443,5
GARFIELD MEDICAL CENTER,CA,1.0442,5
TRIDENT MEDICAL CENTER,SC,1.0442,6
COOSA VALLEY MEDICAL CENTER,AL,1.044,3
MERCY MEDICAL CENTER,CA,1.044,4
CGH MEDICAL CENTER,IL,1.0439,5
BAPTIST HEALTH MEDICAL CENTER - JACKSONVILLE,FL,1.0438,6
HMHP ST ELIZABETH BOARDMAN HEALTH CENTER,OH,1.0438,4
MERCY HOSPITAL OF BUFFALO,NY,1.0437,5
ST BERNARD HOSPITAL,IL,1.0437,3
MERCY SAN JUAN MEDICAL CENTER,CA,1.0435,6
HEARTLAND REGIONAL MEDICAL CENTER,IL,1.0434,4
NORTHWESTERN MEDICINE MCHENRY,IL,1.0434,6
HCA FLORIDA ORANGE PARK HOSPITAL,FL,1.0432,6
HCA HOUSTON HEALTHCARE TOMBALL,TX,1.0432,6
ARKANSAS HEART HOSPITAL-ENCORE,AR,1.0431,4
HCA FLORIDA WEST HOSPITAL,FL,1.0431,6
UCI HEALTH-LAKEWOOD,CA,1.0431,5
MERIT HEALTH MADISON,MS,1.043,3
FRANCISCAN HEALTH MUNSTER,IN,1.0429,5
UNIVERSITY OF LOUISVILLE HOSPITAL,KY,1.0429,4
BAPTIST HEALTH MEDICAL CENTER-DREW COUNTY,AR,1.0428,3
BELLEVUE MEDICAL CENTER,NE,1.0427,5
ORLANDO HEALTH ST CLOUD HOSPITAL,FL,1.0426,4
CRESTWOOD MEDICAL CENTER,AL,1.0425,5
VALLEY REGIONAL MEDICAL CENTER,TX,1.0425,4
VIRTUA WILLINGBORO HOSPITAL,NJ,1.0425,3
HARLEM HOSPITAL CENTER,NY,1.0424,3
GROSSMONT HOSPITAL,CA,1.0423,6
SAINT CLARE'S HOSPITAL/ DENVILLE CAMPUS,NJ,1.0423,5
HILTON HEAD REGIONAL MEDICAL CENTER,SC,1.0421,6
MERIT HEALTH RIVER OAKS,MS,1.042,5
SINGING RIVER HEALTH SYSTEM,MS,1.042,6
ST LUKE'S HOSPITAL - CARBON CAMPUS,PA,1.042,4
UH CLEVELAND MEDICAL CENTER,OH,1.042,6
ADVENTHEALTH CENTRAL TEXAS,TX,1.0418,4
HCA HOUSTON HEALTHCARE KINGWOOD,TX,1.0418,6
MERCY HEALTH - WEST HOSPITAL,OH,1.0417,5
UT HEALTH EAST TEXAS TYLER REGIONAL HOSPITAL,TX,1.0416,6
UT HEALTH EAST TEXAS ATHENS HOSPITAL,TX,1.0415,4
MEDICAL CITY DENTON,TX,1.0413,6
JEFFERSON LANSDALE HOSPITAL,PA,1.0412,3
MEDICAL CENTER OF MCKINNEY,TX,1.0412,5
NORTHEASTERN HEALTH SYSTEM,OK,1.0412,5
WATERTOWN MEMORIAL HOSPITAL,WI,1.0411,5
HUNTERDON MEDICAL CENTER,NJ,1.0409,5
MYMICHIGAN MEDICAL CENTER ALMA,MI,1.0409,4
"WHEELING HOSPITAL, INC",WV,1.0408,6
ALAMANCE REGIONAL MEDICAL CENTER,NC,1.0407,5
MISSION REGIONAL MEDICAL CENTER,TX,1.0406,4
TEXAS HEALTH HUGULEY HOSPITAL FORT WORTH SOUTH,TX,1.0406,4
HEALTHALLIANCE HOSPITAL MARYS AVENUE CAMPUS,NY,1.0405,5
SETON MEDICAL CENTER HARKER HEIGHTS,TX,1.0405,4
LAKELAND REGIONAL MEDICAL CENTER,FL,1.0404,6
TRISTAR SKYLINE MEDICAL CENTER,TN,1.0404,4
BETHESDA HOSPITAL EAST,FL,1.0403,6
HELEN KELLER HOSPITAL,AL,1.0403,4
PIEDMONT EASTSIDE MEDICAL CENTER,GA,1.0403,5
FRYE REGIONAL MEDICAL CENTER,NC,1.0402,5
CAPE CORAL HOSPITAL,FL,1.0399,4
HUMBOLDT PARK HEALTH,IL,1.0399,3
MIZELL MEMORIAL HOSPITAL,AL,1.0399,3
ROANE MEDICAL CENTER,TN,1.0399,3
BON SECOURS MARYVIEW MEDICAL CENTER,VA,1.0398,5
MCLEOD MEDICAL CENTER - DILLON,SC,1.0398,3
MONTEFIORE ST LUKE'S CORNWALL,NY,1.0398,5
NORTHWEST HEALTH - STARKE,IN,1.0398,3
RIVERS HEALTH,WV,1.0397,3
SHELBY BAPTIST MEDICAL CENTER,AL,1.0397,6
ST CLAIRE REGIONAL MEDICAL CENTER,KY,1.0397,4
UT OF TEXAS  SOUTHWESTERN UNIVERSITY HOSPITAL - WILLIAM P. CLEMENTS JR.,TX,1.0397,6
CENTRAL VERMONT MEDICAL CENTER,VT,1.0395,5
CHARLESTON AREA MEDICAL CENTER,WV,1.0395,6
HCA HEALTHONE PRESBYTERIAN ST LUKES,CO,1.0395,3
HONORHEALTH SCOTTSDALE THOMPSON PEAK MED CTR,AZ,1.0394,5
GRADY MEMORIAL HOSPITAL,GA,1.0393,4
MERCY HOSPITAL ADA,OK,1.0392,4
GEISINGER-COMMUNITY MEDICAL CENTER,PA,1.0391,6
OCHSNER AMERICAN LEGION HOSPITAL,LA,1.0391,3
ALLINA UNITED HOSPITAL,MN,1.039,6
SAINT AGNES HOSPITAL,MD,1.039,5
GADSDEN REGIONAL MEDICAL CENTER,AL,1.0389,6
KETTERING HEALTH MIAMISBURG,OH,1.0389,3
SSM HEALTH ST MARY'S HOSPITAL - ST LOUIS,MO,1.0389,4
HCA FLORIDA RAULERSON HOSPITAL,FL,1.0388,4
MARY IMMACULATE HOSPITAL,VA,1.0388,5
TANNER MEDICAL CENTER - CARROLLTON,GA,1.0388,4
PHOEBE PUTNEY MEMORIAL HOSPITAL,GA,1.0386,6
TRINITY MEDICAL CTR EAST &TRINITY MEDICAL CTR WEST,OH,1.0386,6
NORTHERN NEVADA MEDICAL CENTER,NV,1.0385,5
ADVENTIST HEALTHCARE WHITE OAK MEDICAL CENTER,MD,1.0384,6
LANE REGIONAL MEDICAL CENTER,LA,1.0383,4
LIVINGSTON REGIONAL HOSPITAL,TN,1.0383,3
CARY MEDICAL CENTER,ME,1.0381,3
BANNER CASA GRANDE MEDICAL CENTER,AZ,1.038,4
FIRSTHEALTH MOORE REGIONAL HOSPITAL,NC,1.038,6
RIVERSIDE UNIVERSITY HEALTH SYSTEM-MEDICAL CENTER,CA,1.038,3
CHRISTUS GOOD SHEPHERD MEDICAL CENTER,TX,1.0379,5
WATSONVILLE COMMUNITY HOSPITAL,CA,1.0379,3
PALESTINE REGIONAL MEDICAL CENTER,TX,1.0378,3
DEBORAH HEART AND LUNG CENTER,NJ,1.0376,5
OCHSNER UNIVERSITY HOSPITAL AND CLINICS,LA,1.0376,3
ST LUKES HOSPITAL,MO,1.0376,6
MENORAH MEDICAL CENTER,KS,1.0375,5
WELLSTAR PAULDING MEDICAL CENTER,GA,1.0375,4
ST JAMES HOSPITAL,MT,1.0374,4
ADVOCATE ILLINOIS MASONIC MEDICAL CENTER,IL,1.0373,4
CITIZENS MEDICAL CENTER,TX,1.0373,5
ST LUKE'S DES PERES HOSPITAL,MO,1.0373,3
MUNSON HEALTHCARE OTSEGO MEMORIAL HOSPITAL,MI,1.0372,3
BAPTIST MEDICAL CENTER EAST,AL,1.0371,4
MEDICAL CITY DALLAS HOSPITAL,TX,1.037,6
UCSF HEALTH SAINT FRANCIS HOSPITAL,CA,1.037,4
UPPER VALLEY MEDICAL CENTER,OH,1.037,4
INSIGHT HOSPITAL AND MEDICAL CENTER TRUMBULL,OH,1.0369,4
NORTHSIDE HOSPITAL,GA,1.0369,5
AdventHealth Carrollwood,FL,1.0368,5
HCA FLORIDA CAPITAL HOSPITAL,FL,1.0366,6
HCA FLORIDA SOUTH TAMPA HOSPITAL,FL,1.0366,4
WEST SUBURBAN MEDICAL CENTER,IL,1.0366,3
AdventHealth Littleton,CO,1.0365,5
BATON ROUGE GENERAL MEDICAL CENTER,LA,1.0365,6
CHAN SOON- SHIONG MEDICAL CENTER AT WINDBER,PA,1.0365,4
RENOWN SOUTH MEADOWS MEDICAL CENTER,NV,1.0365,4
LAKE CUMBERLAND REGIONAL HOSPITAL,KY,1.0363,4
MONTEFIORE MEDICAL CENTER,NY,1.0363,6
MERCY MEDICAL CTR,MA,1.0362,4
ADVENTIST HEALTH WHITE MEMORIAL,CA,1.036,4
CHI ST LUKES HEALTH MEMORIAL LUFKIN,TX,1.036,4
KING'S DAUGHTERS' MEDICAL CENTER,KY,1.036,6
MERIT HEALTH RIVER REGION,MS,1.036,5
SANTA MONICA - UCLA MED CTR & ORTHOPAEDIC HOSPITAL,CA,1.036,5
CROSSGATES RIVER OAKS HOSPITAL,MS,1.0359,3
ASCENSION ST VINCENT'S RIVERSIDE,FL,1.0357,6
COREWELL HEALTH WAYNE HOSPITAL,MI,1.0357,4
FORREST GENERAL HOSPITAL,MS,1.0357,6
MIDDLESBORO ARH HOSPITAL,KY,1.0357,3
HARTFORD HOSPITAL,CT,1.0356,6
"STAFFORD HOSPITAL, LLC",VA,1.0356,4
ADVENTIST HEALTH SIERRA VISTA,CA,1.0353,4
REYNOLDS MEMORIAL HOSPITAL,WV,1.0353,3
SISTERS OF CHARITY HOSPITAL,NY,1.0353,3
WEST ALLIS MEMORIAL HOSPITAL,WI,1.0353,4
SPOTSYLVANIA REGIONAL MEDICAL CENTER,VA,1.0352,5
ASCENSION ST VINCENT'S CLAY COUNTY,FL,1.0349,5
MIDDLESEX HOSPITAL,CT,1.0349,5
WELLINGTON REGIONAL MEDICAL CENTER,FL,1.0348,5
CRISP REGIONAL HOSPITAL,GA,1.0346,3
DESERT REGIONAL MEDICAL CENTER,CA,1.0346,5
LIBERTY HOSPITAL,MO,1.0344,6
MAIN LINE HOSPITAL LANKENAU,PA,1.0344,6
VIDANT DUPLIN HOSPITAL,NC,1.0342,3
PROVIDENCE CEDARS SINAI TARZANA MEDICAL CENTER,CA,1.0341,6
ADVENTHEALTH WESLEY CHAPEL,FL,1.034,5
ARTESIA GENERAL HOSPITAL,NM,1.034,3
BAYLOR SCOTT & WHITE MEDICAL CENTER- COLLEGE STATI,TX,1.034,6
ENCINO HOSPITAL MEDICAL CENTER,CA,1.034,3
ESKENAZI HEALTH,IN,1.034,4
BAYLOR SCOTT AND WHITE ALL SAINTS MEDICAL CENTER,TX,1.0339,5
MERCY REGIONAL MEDICAL CENTER,OH,1.0339,5
SSM ST JOSEPH HEALTH CENTER,MO,1.0339,4
ADVOCATE LUTHERAN GENERAL HOSPITAL,IL,1.0337,6
METROHEALTH SYSTEM,OH,1.0337,4
VALLEY HOSPITAL MEDICAL CENTER,NV,1.0336,6
MAGNOLIA REGIONAL HEALTH CENTER,MS,1.0335,6
BAPTIST MEDICAL CENTER SOUTH,AL,1.0333,6
PHYSICIANS REGIONAL MEDICAL CENTER - PINE RIDGE,FL,1.0333,6
WHITTIER HOSPITAL MEDICAL CENTER,CA,1.0333,3
HENRY FORD HEALTH HOSPITAL,MI,1.0331,5
LONGVIEW REGIONAL MEDICAL CENTER,TX,1.0331,6
MERCY HOSPITAL JOPLIN,MO,1.033,5
BANNER DESERT MEDICAL CENTER,AZ,1.0329,5
ADVENTIST HEALTH BAKERSFIELD,CA,1.0327,4
OKLAHOMA STATE UNIVERSITY MEDICAL CENTER,OK,1.0327,5
TRI-CITY MEDICAL CENTER,CA,1.0327,5
SAINT JOSEPH LONDON,KY,1.0326,5
ALLEGHENY GENERAL HOSPITAL,PA,1.0324,6
HENRY MAYO NEWHALL  HOSPITAL,CA,1.0324,4
NORTHWEST HOSPITAL CENTER,MD,1.0324,4
ANDERSON HOSPITAL,IL,1.0323,5
ELLIOT HOSPITAL,NH,1.0323,5
SAINT FRANCIS MEDICAL CENTER,CA,1.0323,4
SINGING RIVER GULFPORT,MS,1.0323,4
HIGHLAND HOSPITAL,NY,1.0322,4
LEGACY MERIDIAN PARK MEDICAL CENTER,OR,1.0322,5
"OUR LADY OF LOURDES REGIONAL MEDICAL CENTER, INC",LA,1.0322,5
ATHENS LIMESTONE HOSPITAL,AL,1.0321,4
HCA HOUSTON HEALTHCARE MEDICAL CENTER,TX,1.0321,3
BON SECOURS COMMUNITY HOSPITAL,NY,1.032,3
METHODIST HOSPITAL OF SACRAMENTO,CA,1.032,3
ONSLOW MEMORIAL HOSPITAL,NC,1.032,3
MONTEFIORE NEW ROCHELLE HOSPITAL,NY,1.0318,4
FRANCISCAN HEALTH OLYMPIA & CHICAGO HEIGHTS,IL,1.0317,5
PROVIDENCE MEDFORD MEDICAL CENTER,OR,1.0317,5
UNIVERSITY HOSPITALS PORTAGE MEDICAL CENTER,OH,1.0317,4
PARKVIEW DEKALB HOSPITAL,IN,1.0316,3
BAPTIST HEALTH - FORT SMITH,AR,1.0315,5
AURORA MEDICAL CENTER,WI,1.0314,6
GOOD SAMARITAN HOSPITAL OF SUFFERN,NY,1.0314,6
SAINT ROSE DOMINICAN HOSPITALS - SAN MARTIN CAMPUS,NV,1.0313,5
THE MEDICAL CENTER OF SOUTHEAST TEXAS,TX,1.0313,5
MOUNT SINAI WEST,NY,1.0312,6
ST JAMES HOSPITAL,NY,1.0312,3
"WELLSTAR MCG HEALTH, AFFILIATED WITH MED COL",GA,1.0311,5
SOUTH POINTE HOSPITAL,OH,1.031,3
HCA FLORIDA BRANDON HOSPITAL,FL,1.0309,6
MORTON PLANT NORTH BAY HOSPITAL,FL,1.0309,4
LOS ANGELES GENERAL MEDICAL CENTER,CA,1.0306,4
OCEAN MEDICAL CENTER,NJ,1.0306,5
ST JOSEPH'S MEDICAL CENTER OF STOCKTON,CA,1.0304,5
ADVENTIST HEALTH LODI MEMORIAL,CA,1.0303,4
CHINESE HOSPITAL,CA,1.0303,3
HAMILTON MEDICAL CENTER,GA,1.0303,5
RIVERVIEW MEDICAL CENTER,NJ,1.0303,5
NORTHWEST HEALTH - PORTER,IN,1.0302,6
SHARP MEMORIAL HOSPITAL,CA,1.0302,6
UPMC MEMORIAL,PA,1.0301,5
MCCULLOUGH-HYDE MEMORIAL HOSPITAL,OH,1.03,4
JOHNSON CITY MEDICAL CENTER,TN,1.0299,6
SOUTHERN NH MEDICAL CENTER,NH,1.0299,5
MCLAREN PORT HURON,MI,1.0298,6
PARKLAND HEALTH & HOSPITAL SYSTEM,TX,1.0297,4
"ARKANSAS HEART HOSPITAL, LLC",AR,1.0296,5
"BEAUMONT HOSPITAL, TROY",MI,1.0296,6
WOOD COUNTY HOSPITAL,OH,1.0296,4
HUNTSVILLE MEMORIAL HOSPITAL,TX,1.0295,3
MEASE DUNEDIN HOSPITAL,FL,1.0294,4
HCA FLORIDA BLAKE HOSPITAL,FL,1.0293,6
"LAHEY HOSPITAL & MEDICAL CENTER, BURLINGTON",MA,1.0293,6
ASCENSION ALL SAINTS HOSPITAL,WI,1.0289,5
KENMORE MERCY HOSPITAL,NY,1.0289,4
CLINTON MEMORIAL HOSPITAL,OH,1.0288,4
CORNING HOSPITAL,NY,1.0288,3
PIEDMONT FAYETTE HOSPITAL,GA,1.0288,5
MEMORIAL HOSPITAL OF CARBONDALE,IL,1.0285,5
SUNY/DOWNSTATE UNIVERSITY HOSPITAL OF BROOKLYN,NY,1.0285,4
VIDANT EDGECOMBE HOSPITAL,NC,1.0285,3
OSWEGO HOSPITAL,NY,1.0284,3
TRINITY ROCK ISLAND,IL,1.0283,6
WAYNE GENERAL HOSPITAL,MS,1.0283,3
SOUTH TEXAS HEALTH SYSTEM,TX,1.0281,5
ST DOMINIC-JACKSON MEMORIAL HOSPITAL,MS,1.0281,6
WEST CHESTER HOSPITAL,OH,1.0281,5
CALDWELL MEMORIAL HOSPITAL,NC,1.028,5
EASTERN NEW MEXICO MEDICAL CENTER,NM,1.028,4
EL CAMINO HEALTH,CA,1.028,6
MCLAREN CENTRAL MICHIGAN,MI,1.028,4
NORTHSIDE HOSPITAL DULUTH,GA,1.028,3
UNIVERSITY OF ILLINOIS HOSPITAL AND CLINICS,IL,1.028,5
BAY PARK COMMUNITY HOSPITAL,OH,1.0279,3
CARLE HEALTH METHODIST HOSPITAL,IL,1.0279,5
HOLY REDEEMER HOSPITAL AND MEDICAL CENTER,PA,1.0277,5
HUGH CHATHAM MEMORIAL HOSPITAL,NC,1.0277,4
MEMORIAL MEDICAL CENTER,CA,1.0277,6
HCA HEALTHONE MOUNTAIN RIDGE,CO,1.0276,4
ST. VINCENT'S EAST,AL,1.0275,5
ORLANDO HEALTH BAYFRONT HOSPITAL,FL,1.0274,5
SHOREPOINT HEALTH PUNTA GORDA,FL,1.0274,3
TACOMA GENERAL ALLENMORE HOSPITAL,WA,1.0274,6
ADVENTIST HEALTH AND RIDEOUT,CA,1.0273,5
DETROIT RECEIVING HOSPITAL,MI,1.0273,4
LAS PALMAS MEDICAL CENTER A CAMPUS OF LPDS HEALTHC,TX,1.0273,6
PIH HEALTH DOWNEY HOSPITAL,CA,1.0273,4
UPMC PINNACLE HOSPITALS,PA,1.0273,6
NORWALK HOSPITAL,CT,1.0272,4
ST LUKES HOSPITAL BETHLEHEM,PA,1.0272,6
TRISTAR SUMMIT MEDICAL CENTER,TN,1.0272,5
ANDALUSIA HEALTH,AL,1.0271,4
STONESPRINGS HOSPITAL CENTER,VA,1.0271,3
ATRIUM MEDICAL CENTER,OH,1.027,5
LOS ROBLES HOSPITAL & MEDICAL CENTER,CA,1.027,6
MARIA PARHAM MEDICAL CENTER,NC,1.027,4
SHARP CHULA VISTA MEDICAL CENTER,CA,1.027,5
OSF HEART OF MARY MEDICAL CENTER,IL,1.0269,5
ROBERT WOOD JOHNSON UNIVERSITY HOSPITAL AT RAHWAY,NJ,1.0269,4
GARNET HEALTH MEDICAL CENTER,NY,1.0268,6
WILSON MEDICAL CENTER,NC,1.0268,5
LA PALMA INTERCOMMUNITY HOSPITAL,CA,1.0267,4
SAINT MICHAEL'S MEDICAL CENTER,NJ,1.0267,3
OVIEDO MEDICAL CENTER,FL,1.0266,4
ST JOSEPH MEDICAL CENTER,IL,1.0265,6
BAYSTATE NOBLE HOSPITAL,MA,1.0264,3
OPELOUSAS GENERAL HEALTH SYSTEM,LA,1.0264,5
UVA HEALTH CULPEPER MEDICAL CENTER,VA,1.0264,3
COMMUNITY HOSPITAL EAST,IN,1.0263,6
L A DOWNTOWN MEDICAL CENTER,CA,1.0263,3
"OUR LADY OF LOURDES MEMORIAL HOSPITAL, INC",NY,1.0263,5
TRISTAR STONECREST MEDICAL CENTER,TN,1.0263,5
CHI ST. VINCENT HOSPITAL HOT SPRINGS,AR,1.0262,6
EAST COOPER MEDICAL CENTER,SC,1.0262,3
SINAI-GRACE HOSPITAL,MI,1.0261,4
ST LUKE'S MINERS MEMORIAL HOSPITAL,PA,1.0261,3
BECKLEY ARH HOSPITAL,WV,1.026,4
GUTHRIE CORTLAND REGIONAL MEDICAL CENTER,NY,1.026,3
FITZGIBBON HOSPITAL,MO,1.0259,3
CENTRAL FLORIDA LAKE MONROE HOSPITAL,FL,1.0258,6
INSIGHT HOSPITAL AND MEDICAL CENTER COLDWATER,MI,1.0258,3
MYMICHIGAN MEDICAL CENTER CLARE,MI,1.0258,3
PARKVIEW NOBLE HOSPITAL,IN,1.0258,3
SUMMA WESTERN RESERVE HOSPITAL,OH,1.0258,3
LUTHERAN HOSPITAL,OH,1.0257,3
SPECTRUM HEALTH UNITED HOSPITAL,MI,1.0257,3
RESEARCH MEDICAL CENTER,MO,1.0255,5
HIGHLAND COMMUNITY  HOSPITAL,MS,1.0254,3
WITHAM HEALTH SERVICES,IN,1.0253,5
FAIRVIEW LAKES HEALTH SERVICES,MN,1.0252,3
ST ELIZABETH YOUNGSTOWN HOSPITAL,OH,1.0251,5
UNIONTOWN HOSPITAL,PA,1.0251,4
WELLMONT BRISTOL REGIONAL MEDICAL CENTER,TN,1.0251,6
BAYSTATE FRANKLIN MEDICAL CENTER,MA,1.025,3
MEMORIAL MEDICAL CENTER,NM,1.025,5
LEGACY SALMON CREEK MEDICAL CENTER,WA,1.0249,5
MEDICAL CITY NORTH HILLS,TX,1.0248,5
CENTRAL PENINSULA GENERAL HOSPITAL,AK,1.0247,4
MEMORIAL HOSPITAL,IL,1.0246,6
SOUTHEASTERN REGIONAL MEDICAL CENTER,NC,1.0246,4
CHRISTUS OCHSNER ST PATRICK HOSPITAL,LA,1.0245,5
ACMH HOSPITAL,PA,1.0244,3
HUNTINGTON HOSPITAL,CA,1.0243,6
JACKSON PURCHASE MEDICAL CENTER,KY,1.0243,3
UNIVERSITY MEDICAL CENTER,NV,1.0243,6
NORTH MISSISSIPPI MEDICAL CENTER-GILMORE AMORY,MS,1.0242,3
SAINT JOSEPH MEDICAL CENTER,IL,1.0242,6
UCHICAGO MEDICINE ADVENTHEALTH GLENOAKS,IL,1.0242,4
HALIFAX HEALTH MEDICAL CENTER,FL,1.0241,6
PROVIDENCE WILLAMETTE FALLS MEDICAL CENTER,OR,1.024,3
SENTARA PRINCESS ANNE HOSPITAL,VA,1.024,5
CORONA REGIONAL MEDICAL CENTER,CA,1.0239,4
LONG ISLAND JEWISH MEDICAL CENTER,NY,1.0239,5
HCA FLORIDA ST PETERSBURG HOSPITAL,FL,1.0238,3
NAPLES COMMUNITY HOSPITAL,FL,1.0238,6
ALEXIAN BROTHERS MEDICAL CENTER 1,IL,1.0237,6
MERCY HEALTH SAINT MARY'S,MI,1.0237,5
UNIVERSITY OF MISSOURI HEALTH CARE,MO,1.0237,6
CAPE REGIONAL MEDICAL CENTER INC,NJ,1.0236,4
BETH ISRAEL DEACONESS HOSPITAL - NEEDHAM,MA,1.0235,4
METHODIST MEDICAL CENTER OF OAK RIDGE,TN,1.0235,6
"MOUNT SINAI MEDICAL CENTER OF FLORIDA, INC",FL,1.0235,6
CANTON-POTSDAM HOSPITAL,NY,1.0234,4
BAYLOR SCOTT AND WHITE MEDICAL CENTER LAKE POINTE,TX,1.0233,5
JERSEY CITY MEDICAL CENTER,NJ,1.0233,5
TRISTAR NORTHCREST MEDICAL CENTER,TN,1.0233,4
VIRGINIA HOSPITAL CENTER,VA,1.0233,6
COLUMBUS REGIONAL HOSPITAL,IN,1.0231,6
FRANCISCAN HEALTH DYER,IN,1.0231,4
MARSHFIELD MEDICAL CENTER,WI,1.0231,6
ASCENSION SETON NORTHWEST,TX,1.023,4
HCA FLORIDA SARASOTA DOCTORS HOSPITAL,FL,1.023,5
VIDANT ROANOKE CHOWAN HOSPITAL,NC,1.023,3
FRISBIE MEMORIAL HOSPITAL,NH,1.0229,3
UNIVERSITY OF MISSISSIPPI MED CENTER,MS,1.0227,6
ADVENTHEALTH FISH MEMORIAL,FL,1.0226,4
ADVENTHEALTH WATERMAN,FL,1.0225,6
PRISMA HEALTH BAPTIST,SC,1.0225,4
WESTERN MISSOURI MEDICAL CENTER,MO,1.0224,4
NORTHWEST MEDICAL CENTER SAHUARITA,AZ,1.0223,4
MERITUS MEDICAL CENTER,MD,1.0222,5
NORTHERN WESTCHESTER HOSPITAL,NY,1.0221,5
RARITAN BAY MEDICAL CENTER,NJ,1.0221,4
BAPTIST HEALTH MEDICAL CENTER- CONWAY,AR,1.022,4
BARNES-JEWISH ST PETERS HOSPITAL,MO,1.022,5
MOUNT CARMEL EAST & WEST,OH,1.022,6
ANTELOPE VALLEY HOSPITAL,CA,1.0219,4
CENTENNIAL HILLS HOSPITAL MEDICAL CENTER,NV,1.0219,5
EMORY HOUSTON HOSPITAL WARNER ROBINS,GA,1.0219,5
STATEN ISLAND UNIVERSITY HOSPITAL,NY,1.0219,6
FORBES HOSPITAL,PA,1.0218,6
JOHN MUIR MEDICAL CENTER - CONCORD CAMPUS,CA,1.0218,6
MERCY MEDICAL CENTER REDDING,CA,1.0218,6
PROVIDENCE MEDICAL CENTER,KS,1.0217,5
SOUTHWESTERN MEDICAL CENTER,OK,1.0217,3
ADVENTHEALTH DELAND,FL,1.0216,4
AURORA MEDICAL CENTER SHEBOYGAN COUNTY,WI,1.0216,3
BOLIVAR MEDICAL CENTER,MS,1.0216,3
ST VINCENT'S ST CLAIR,AL,1.0215,3
THE UNIVERSITY HOSPITAL,NJ,1.0215,3
CHRISTUS SOUTHEAST TEXAS- ST ELIZABETH,TX,1.0213,5
BAYLOR SCOTT & WHITE MEDICAL CENTER - ROUND ROCK,TX,1.0212,6
HILLCREST HOSPITAL SOUTH,OK,1.0212,5
LAKE HEALTH,OH,1.0212,6
MOBERLY REGIONAL MEDICAL CENTER,MO,1.0212,3
BEEBE MEDICAL CENTER,DE,1.0211,6
PARKVIEW COMMUNITY HOSPITAL MEDICAL CENTER,CA,1.0211,3
PROVIDENCE ST PETER HOSPITAL,WA,1.0211,6
UNIVERSITY OF TOLEDO MEDICAL CENTER,OH,1.0211,5
WATAUGA MEDICAL CENTER,NC,1.0211,5
HCA FLORIDA AVENTURA HOSPITAL,FL,1.021,5
HIGHLAND HOSPITAL,CA,1.021,4
ATRIUM HEALTH UNION,NC,1.0209,5
HENRY FORD ALLEGIANCE HEALTH,MI,1.0209,5
SACRED HEART HOSPITAL,FL,1.0209,6
WILLIS KNIGHTON MEDICAL CENTER,LA,1.0209,6
BAPTIST HEALTH HARDIN,KY,1.0208,4
UNC ROCKINGHAM,NC,1.0208,3
HCA FLORIDA ENGLEWOOD HOSPITAL,FL,1.0207,5
"ROME MEMORIAL HOSPITAL, INC",NY,1.0207,3
PIEDMONT ATHENS REGIONAL MEDICAL CENTER,GA,1.0206,5
FROEDTERT SOUTH INC.,WI,1.0205,5
UCI HEALTH - FOUNTAIN VALLEY,CA,1.0204,6
FORT LOUDOUN MEDICAL CENTER,TN,1.0202,3
LOWER BUCKS HOSPITAL,PA,1.0201,4
DUPONT HOSPITAL LLC,IN,1.02,3
HIGHLANDS ARH REGIONAL MEDICAL CENTER,KY,1.02,4
MEMORIAL HOSPITAL AT GULFPORT,MS,1.02,6
MERIT HEALTH NATCHEZ,MS,1.02,3
SAINT ANNE'S HOSPITAL,MA,1.0199,5
"WEIRTON MEDICAL CENTER, INC",WV,1.0199,4
ST MARY MEDICAL CENTER,IL,1.0198,3
ORANGE COUNTY GLOBAL MEDICAL CENTER,CA,1.0197,3
THE HOSPITALS OF PROVIDENCE - EAST CAMPUS,TX,1.0196,3
CITIZENS MEDICAL CENTER,LA,1.0195,3
"LUMINIS HEALTH ANNE ARUNDEL MEDICAL CENTER, INC",MD,1.0195,6
MAINEHEALTH PEN BAY HOSPITAL,ME,1.0195,3
WAYNE MEMORIAL HOSPITAL,PA,1.0195,5
BETH ISRAEL DEACONESS MEDICAL CENTER,MA,1.0194,6
CENTRAL CAROLINA HOSPITAL,NC,1.0194,3
ORLANDO HEALTH-HEALTH CENTRAL HOSPITAL,FL,1.0194,5
THE UNIVERSITY OF CHICAGO MEDICAL CENTER,IL,1.0194,5
TIDELANDS GEORGETOWN MEMORIAL HOSPITAL,SC,1.0194,4
VHS HARLINGEN HOSPITAL COMPANY LLC,TX,1.0193,5
HCA FLORIDA HIGHLANDS HOSPITAL,FL,1.0192,4
MERCY GILBERT MEDICAL CENTER,AZ,1.0192,5
UNIVERSITY MEDICAL CENTER,TX,1.0192,5
ADVENTIST HEALTH TWIN CITIES,CA,1.0191,4
BAPTIST MEMORIAL HOSPITAL DESOTO,MS,1.0191,5
CANYON VISTA MEDICAL CENTER,AZ,1.0191,5
FAIRVIEW PARK HOSPITAL,GA,1.0191,4
MEDICAL CITY LEWISVILLE,TX,1.0188,4
OCHSNER ST MARY,LA,1.0188,3
HOUSTON METHODIST WEST HOSPITAL,TX,1.0187,6
JEFFERSON EINSTEIN MONTGOMERY HOSPITAL,PA,1.0187,5
MCLAREN MACOMB,MI,1.0187,5
MERCY HEALTH SYSTEM CORP,WI,1.0185,6
PARKLAND MEDICAL CENTER,NH,1.0185,4
REGIONAL WEST MEDICAL CENTER,NE,1.0185,4
SOUTHEAST GEORGIA HEALTH SYSTEM- BRUNSWICK CAMPUS,GA,1.0185,5
ST LUKE'S HOSPITAL - ANDERSON CAMPUS,PA,1.0185,4
ST TAMMANY PARISH HOSPITAL,LA,1.0185,6
JOHNSTON HEALTH,NC,1.0183,5
MARIETTA MEMORIAL HOSPITAL,OH,1.0182,4
BAYLOR SCOTT & WHITE MEDICAL CENTER  GRAPEVINE,TX,1.0181,5
HOLY CROSS HOSPITAL,IL,1.0181,3
WINCHESTER MEDICAL CENTER,VA,1.0181,6
HIGH POINT REGIONAL HEALTH SYSTEM,NC,1.0179,4
NORTHWEST COMMUNITY HOSPITAL 1,IL,1.0179,6
SAMARITAN MEDICAL CENTER,NY,1.0179,3
HCA FLORIDA LARGO HOSPITAL,FL,1.0178,5
THE MCDOWELL HOSPITAL,NC,1.0178,3
UNIVERSITY HOSPITALS SAMARITAN MEDICAL CENTER,OH,1.0178,3
COREWELL HEALTH BIG RAPIDS HOSPITAL,MI,1.0177,3
NACOGDOCHES MEMORIAL HOSPITAL,TX,1.0177,5
ASCENSION ST VINCENT ANDERSON,IN,1.0176,4
THE QUEENS MEDICAL CENTER,HI,1.0176,6
ADVOCATE GOOD SAMARITAN HOSPITAL,IL,1.0175,6
MCLAREN OAKLAND,MI,1.0175,3
JACKSON HOSPITAL,FL,1.0174,4
ST ELIZABETH FLORENCE,KY,1.0174,3
VICTOR VALLEY GLOBAL MEDICAL CENTER,CA,1.0174,4
DEKALB REGIONAL MEDICAL CENTER,AL,1.0173,5
IU HEALTH WEST HOSPITAL,IN,1.0173,5
UCHICAGO MEDICINE ADVENTHEALTH BOLINGBROOK,IL,1.0173,4
UPMC PRESBYTERIAN SHADYSIDE,PA,1.0173,6
MIDLAND MEMORIAL HOSPITAL,TX,1.0172,5
WHITE COUNTY MEDICAL CENTER,AR,1.0172,5
CONEMAUGH MEMORIAL MEDICAL CENTER,PA,1.0171,5
OLEAN GENERAL HOSPITAL,NY,1.0171,5
ALAMEDA HOSPITAL,CA,1.017,3
BANNER BOSWELL MEDICAL CENTER,AZ,1.017,6
CAPE FEAR VALLEY MEDICAL CENTER,NC,1.017,6
GEISINGER ST. LUKE'S  HOSPITAL,PA,1.017,3
MUSC HEALTH FLORENCE MEDICAL CENTER,SC,1.017,4
TEXAS HEALTH ARLINGTON MEMORIAL HOSPITAL,TX,1.0169,3
TIFT REGIONAL MEDICAL CENTER,GA,1.0169,4
SAN JOAQUIN GENERAL HOSPITAL,CA,1.0166,3
JOHNSON REGIONAL MEDICAL CENTER,AR,1.0165,3
GOOD SAMARITAN HOSPITAL,IN,1.0163,5
NORTHBAY MEDICAL CENTER,CA,1.0163,6
ST ELIZABETH EDGEWOOD,KY,1.0163,6
BANNER IRONWOOD MEDICAL CENTER,AZ,1.0162,3
HOUSTON METHODIST CLEAR LAKE HOSPITAL,TX,1.0162,4
MEMORIAL HEALTHCARE,MI,1.0162,4
POTTSTOWN HOSPITAL,PA,1.0162,5
LAKE REGION HEALTHCARE CORPORATION,MN,1.0161,3
"MARTIN LUTHER KING, JR. COMMUNITY HOSPITAL",CA,1.0161,3
UPMC LITITZ,PA,1.0161,4
ASCENSION ST VINCENT HOSPITAL,IN,1.0159,6
AURELIA OSBORN FOX MEMORIAL HOSPITAL,NY,1.0159,3
INDIANA REGIONAL MEDICAL CENTER,PA,1.0159,5
ST JOSEPH MEDICAL CENTER,MO,1.0159,6
AURORA BAYCARE MEDICAL CTR,WI,1.0158,6
CHEROKEE NATION W W HASTINGS INDIAN HOSPITAL,OK,1.0158,4
"COFFEE REGIONAL MEDICAL CENTER, INC",GA,1.0158,4
ST LUKE'S THE WOODLANDS HOSPITAL,TX,1.0158,5
ADVENTHEALTH TAMPA,FL,1.0156,6
LOMA LINDA UNIVERSITY MEDICAL CENTER-MURRIETA,CA,1.0156,5
MONMOUTH MEDICAL CENTER,NJ,1.0156,5
RESTON HOSPITAL CENTER,VA,1.0156,5
EUCLID HOSPITAL,OH,1.0155,4
"STORMONT VAIL HEALTH FLINT HILLS, LLC",KS,1.0155,3
"USA HEALTH HCA PROVIDENCE HOSPITAL, LLC",AL,1.0155,6
GRANDVIEW MEDICAL CENTER,AL,1.0154,6
JACKSON HEALTH SYSTEM,FL,1.0154,4
MAJOR HOSPITAL,IN,1.0154,3
HCA FLORIDA KENDALL HOSPITAL,FL,1.0153,4
MH ST JOSEPH WARREN HOSPITAL,OH,1.0153,5
TWIN COUNTY REGIONAL HOSPITAL,VA,1.0153,3
UPMC HORIZON,PA,1.0153,4
MISSOURI BAPTIST MEDICAL CENTER,MO,1.0152,6
RUTLAND REGIONAL MEDICAL CENTER,VT,1.0152,4
WESTSIDE REGIONAL MEDICAL CENTER,FL,1.0152,5
SUBURBAN HOSPITAL,MD,1.0151,6
BAPTIST MEMORIAL HOSPITAL TIPTON,TN,1.0149,3
MEDICAL CITY LAS COLINAS,TX,1.0149,3
OWENSBORO HEALTH MUHLENBERG COMMUNITY HOSPITAL,KY,1.0149,3
UNION HOSPITAL OF CECIL COUNTY,MD,1.0149,5
UNIVERSITY MEDICAL CENTER OF EL PASO,TX,1.0149,4
WELLSTAR SPALDING MEDICAL CENTER,GA,1.0149,4
MARYMOUNT HOSPITAL,OH,1.0147,4
CHRISTUS SANTA ROSA MEDICAL CENTER,TX,1.0146,6
COLLEGE MEDICAL CENTER,CA,1.0146,3
FRANCISCAN HEALTH INDIANAPOLIS,IN,1.0146,5
PRISMA HEALTH GREENVILLE MEMORIAL HOSPITAL,SC,1.0146,5
SCRIPPS MERCY HOSPITAL,CA,1.0146,6
SAINT JAMES HOSPITAL,IL,1.0145,4
SENTARA CAREPLEX HOSPITAL,VA,1.0145,4
UNIVERSITY OF CALIFORNIA DAVIS MEDICAL CENTER,CA,1.0145,6
NORTHEAST HOSPITAL CORPORATION,MA,1.0144,5
PENN STATE HEALTH HOLY SPIRIT MEDICAL CENTER,PA,1.0144,6
SGMC HEALTH,GA,1.0144,5
ST LUKE'S HOSPITAL - UPPER BUCKS CAMPUS,PA,1.0144,4
PENN HIGHLANDS HUNTINGDON,PA,1.0142,4
BARTOW REGIONAL MEDICAL CENTER,FL,1.0139,4
CHI ST LUKE'S HEALTH BRAZOSPORT,TX,1.0139,4
AHMC ANAHEIM REGIONAL MEDICAL CENTER,CA,1.0137,5
FORT HAMILTON HUGHES MEMORIAL HOSPITAL,OH,1.0137,4
OVERLAKE HOSPITAL MEDICAL CENTER,WA,1.0137,6
UMASS MEMORIAL MEDICAL CENTER/UNIVERSITY CAMPUS,MA,1.0137,6
WYNN HOSPITAL,NY,1.0137,4
SSM ST CLARE HEALTH CENTER,MO,1.0136,5
FRANCISCAN HEALTH CROWN POINT,IN,1.0135,6
SARAH BUSH LINCOLN HEALTH CENTER,IL,1.0135,5
SUTTER DELTA MEDICAL CENTER,CA,1.0135,4
VIRTUA OUR LADY OF LOURDES HOSPITAL,NJ,1.0135,5
AVERA SACRED HEART HOSPITAL,SD,1.0134,3
CAREPOINT HEALTH-CHRIST HOSPITAL,NJ,1.0133,4
HENRY FORD HEALTH ST JOHN HOSPITAL,MI,1.0133,5
MEMORIAL HERMANN SUGAR LAND HOSPITAL,TX,1.0133,4
WADLEY REGIONAL MEDICAL CENTER,TX,1.0133,4
MOBILE INFIRMARY MEDICAL CENTER,AL,1.0132,6
"PIEDMONT HOSPITAL, INC",GA,1.0132,6
AdventHealth Porter,CO,1.0131,6
BAYLOR SCOTT AND WHITE MEDICAL CENTER SUNNYVALE,TX,1.0131,4
LEE'S SUMMIT MEDICAL CENTER,MO,1.0131,5
"MERCY HOSPITAL ARDMORE, INC",OK,1.0131,4
ST MARY MEDICAL CENTER INC,IN,1.0131,6
BAKERSFIELD MEMORIAL HOSPITAL,CA,1.013,6
ROSELAND COMMUNITY HOSPITAL,IL,1.013,3
PIEDMONT COLUMBUS REGIONAL MIDTOWN,GA,1.0129,4
WAYNE MEMORIAL HOSPITAL,GA,1.0128,3
BAY AREA HOSPITAL,OR,1.0126,5
UNIVERSITY HOSPITALS - ELYRIA MEDICAL CENTER,OH,1.0126,6
DOMINICAN HOSPITAL,CA,1.0125,6
PRISMA HEALTH LAURENS COUNTY HOSPITAL,SC,1.0125,3
ST JOSEPH HOSPITAL,ME,1.0125,5
WEST BOCA MEDICAL CENTER,FL,1.0125,3
PRISMA HEALTH TUOMEY HOSPITAL,SC,1.0124,3
ST ANTHONYS HOSPITAL,FL,1.0124,4
ST MARY'S MEDICAL CENTER,MO,1.0124,5
YALOBUSHA GENERAL HOSPITAL,MS,1.0124,3
BROOKDALE HOSPITAL MEDICAL CENTER,NY,1.0123,4
HCA FLORIDA MEMORIAL HOSPITAL,FL,1.0123,6
DUKE REGIONAL HOSPITAL,NC,1.0122,6
STONEWALL JACKSON MEMORIAL HOSPITAL,WV,1.0122,4
HEMET GLOBAL MEDICAL CENTER,CA,1.0121,3
ASCENSION PROVIDENCE ROCHESTER HOSPITAL,MI,1.0119,6
ASCENSION SETON MEDICAL CENTER AUSTIN,TX,1.0119,6
ATRIUM HEALTH LINCOLN,NC,1.0119,3
BEAUMONT HOSPITAL - FARMINGTON HILLS,MI,1.0119,5
KOSCIUSKO COMMUNITY HOSPITAL,IN,1.0119,3
QUEENS HOSPITAL CENTER,NY,1.0119,3
WILKES REGIONAL MEDICAL CENTER,NC,1.0119,3
EAST JEFFERSON GENERAL HOSPITAL,LA,1.0118,6
BEAUMONT HOSPITAL - TAYLOR,MI,1.0117,3
CHI HEALTH GOOD SAMARITAN,NE,1.0117,5
NORTHRIDGE HOSPITAL MEDICAL CENTER,CA,1.0117,6
EMORY UNIVERSITY HOSPITAL MIDTOWN,GA,1.0116,5
GRANT MEDICAL CENTER,OH,1.0116,6
PIEDMONT ROCKDALE HOSPITAL,GA,1.0116,4
MERCY HOSPITAL OF FOLSOM,CA,1.0115,4
SPRINGHILL MEDICAL CENTER,AL,1.0115,6
FISHER-TITUS HOSPITAL,OH,1.0114,5
HSHS ST ELIZABETH'S HOSPITAL,IL,1.0114,6
PARKVIEW HUNTINGTON HOSPITAL,IN,1.0114,3
WELLSPAN WAYNESBORO HOSPITAL,PA,1.0114,3
HUNT REGIONAL MEDICAL CENTER,TX,1.0113,5
MEMORIAL HOSPITAL PEMBROKE,FL,1.0113,3
NOVANT PRINCE WILLIAM MEDICAL CENTER,VA,1.0113,4
ORLANDO HEALTH MELBOURNE HOSPITAL,FL,1.0113,5
DOCTORS HOSPTAL AT RENAISSANCE,TX,1.0111,6
MARSHFIELD MEDICAL CENTER - WESTON,WI,1.0111,4
OGDEN REGIONAL MEDICAL CENTER,UT,1.0111,5
BERGER HOSPITAL,OH,1.0109,3
NORTHWESTERN MEMORIAL HOSPITAL,IL,1.0107,6
JEFFERSON EINSTEIN PHILADELPHIA HOSPITAL,PA,1.0106,6
MORRIS HOSPITAL & HEALTHCARE CENTERS,IL,1.0105,5
THE HOSPITAL OF CENTRAL CONNECTICUT,CT,1.0105,4
PIEDMONT MEDICAL CENTER,SC,1.0104,6
HIGHPOINT HEALTH-SUMNER WITH ASCENSION SAINT THOMA,TN,1.0103,4
NACOGDOCHES MEDICAL CENTER,TX,1.0103,5
JFK UNIVERSITY MEDICAL CENTER,NJ,1.0102,4
WENTWORTH-DOUGLASS HOSPITAL,NH,1.0102,5
CARROLL HOSPITAL CENTER,MD,1.0101,4
SENTARA VIRGINIA BEACH GENERAL HOSPITAL,VA,1.0101,6
SPRINGFIELD REGIONAL MEDICAL CENTER,OH,1.0101,5
ATRIUM HEALTH UNIVERSITY CITY,NC,1.01,3
STANLY REGIONAL MEDICAL CENTER,NC,1.01,3
TEMECULA VALLEY HOSPITAL,CA,1.01,6
MOUNTAIN VIEW HOSPITAL,UT,1.0099,3
UNC HEALTH NASH,NC,1.0099,5
JACOBI MEDICAL CENTER,NY,1.0097,3
CAPE FEAR VALLEY HOKE HOSPITAL,NC,1.0096,3
SSM HEALTH ST. MARY'S HOSPITAL - JEFFERSON CITY,MO,1.0095,5
BROWARD HEALTH MEDICAL CENTER,FL,1.0093,5
CHOCTAW MEMORIAL HOSPITAL,OK,1.0093,3
METHODIST HOSPITAL,TX,1.0093,6
SWEDISH EDMONDS HOSPITAL,WA,1.0093,4
GARNET HEALTH  MEDICAL CENTER CATSKILLS,NY,1.0092,3
MERIT HEALTH WESLEY,MS,1.0092,6
OCHSNER MEDICAL CENTER ACUTE,LA,1.0092,6
REGIONAL HOSPITAL OF SCRANTON,PA,1.0092,5
ECU HEALTH NORTH HOSPITAL,NC,1.0091,5
TEXOMA MEDICAL CENTER,TX,1.0091,6
AHMC SETON MEDICAL CENTER,CA,1.009,4
CHRISTUS SHREVEPORT-BOSSIER HEALTH SYSTEM,LA,1.009,6
"COLISEUM MEDICAL CENTERS, LLC, DBA",GA,1.0089,5
ENGLEWOOD HOSPITAL AND MEDICAL CENTER,NJ,1.0089,6
UC SAN DIEGO HEALTH HILLCREST - HILLCREST MED CTR,CA,1.0089,6
ASCENSION ST VINCENT KOKOMO,IN,1.0088,4
GENEVA GENERAL HOSPITAL,NY,1.0088,4
MERCY HOSPITAL SPRINGFIELD,MO,1.0088,6
MILTON S HERSHEY MEDICAL CENTER,PA,1.0088,6
NATIVIDAD MEDICAL CENTER,CA,1.0088,3
BEAUMONT HOSPITAL ROYAL OAK,MI,1.0087,6
CAREPOINT HEALTH-HOBOKEN UNIVERSITY MEDICAL CENTER,NJ,1.0087,3
NORTH SHORE MEDICAL CENTER,FL,1.0087,5
SOUTHERN CALIFORNIA HOSPITAL AT HOLLYWOOD,CA,1.0087,4
MOUNTAINVIEW HOSPITAL,NV,1.0086,6
BROWARD HEALTH IMPERIAL POINT,FL,1.0085,3
KAISER FOUNDATION HOSP SO SACRAMENTO,CA,1.0085,3
RUSH OAK PARK HOSPITAL,IL,1.0084,4
ST JOSEPHS HOSPITAL AND MEDICAL CENTER,AZ,1.0084,5
ST LUKE'S PATIENTS MEDICAL CENTER,TX,1.0082,3
UPMC EAST,PA,1.0082,5
SOUTHWEST HEALTHCARE RANCHO SPRINGS HOSPITAL,CA,1.0081,3
VALLEY HOSPITAL,NJ,1.0079,6
CHRISTUS SANTA ROSA HOSPITAL-SAN MARCOS,TX,1.0078,4
OLMSTED MEDICAL CENTER,MN,1.0078,3
PENN HIGHLANDS MON VALLEY,PA,1.0078,4
SOUTHERN OCEAN MEDICAL CENTER,NJ,1.0077,4
ST. MARY'S HOSPITAL,AZ,1.0077,5
CONCORD HOSPITAL,NH,1.0076,6
SAINT FRANCIS MEDICAL CENTER,IL,1.0075,6
TRISTAR HENDERSONVILLE MEDICAL CENTER,TN,1.0075,5
METHODIST FREMONT HEALTH,NE,1.0074,5
ORLANDO HEALTH,FL,1.0074,6
MERCY HEALTH-ANDERSON HOSPITAL,OH,1.0072,6
SENTARA WILLIAMSBURG REGIONAL MEDICAL CENTER,VA,1.0072,5
UPMC NORTHWEST,PA,1.0072,4
AdventHealth Palm Coast,FL,1.0071,5
CLEVELAND CLINIC AVON HOSPITAL,OH,1.0071,4
NIAGARA FALLS MEMORIAL MEDICAL CENTER,NY,1.0071,4
OAKBEND MEDICAL CENTER,TX,1.0071,3
"OKLAHOMA HEART HOSPITAL, LLC",OK,1.007,5
WHITESBURG ARH HOSPITAL,KY,1.007,3
AHS HOSPITAL CORP,NJ,1.0069,3
LEWISGALE HOSPITAL PULASKI,VA,1.0069,3
LICKING MEMORIAL HOSPITAL,OH,1.0067,5
MERCY HOSPITAL JEFFERSON,MO,1.0067,5
ST CATHERINE HOSPITAL INC,IN,1.0067,3
SAINT PETER'S UNIVERSITY HOSPITAL,NJ,1.0066,5
EAST GEORGIA REGIONAL MEDICAL CENTER,GA,1.0065,5
MT SINAI HOSPITAL MEDICAL CENTER,IL,1.0065,4
COLUMBIA MEMORIAL HOSPITAL,NY,1.0064,4
RAPIDES REGIONAL MEDICAL CENTER,LA,1.0064,5
ST MARY'S HEALTHCARE,NY,1.0064,3
IREDELL MEMORIAL HOSPITAL INC,NC,1.0063,5
LAC/OLIVE VIEW-UCLA MEDICAL CENTER,CA,1.0063,3
ST LUKES HOSPITAL,IA,1.0063,6
EL CENTRO REGIONAL MEDICAL CENTER,CA,1.0062,3
MANATEE MEMORIAL HOSPITAL,FL,1.0062,6
MEDICAL CITY ALLIANCE,TX,1.0062,4
NORTHERN LOUISIANA MEDICAL CENTER,LA,1.0062,4
UNIVERSITY HOSPITALS AHUJA MEDICAL CENTER,OH,1.0061,6
LONGMONT UNITED HOSPITAL,CO,1.006,3
PALOMAR HEALTH DOWNTOWN CAMPUS,CA,1.006,6
BELLEVUE HOSPITAL CENTER,NY,1.0059,4
CHI HEALTH IMMANUEL,NE,1.0059,4
RIO GRANDE REGIONAL HOSPITAL,TX,1.0059,3
CHRISTUS ST FRANCES CABRINI HOSPITAL,LA,1.0058,5
SCRIPPS MEMORIAL HOSPITAL - ENCINITAS,CA,1.0058,5
VAUGHAN REGIONAL MEDICAL CENTER PARKWAY CAMPUS,AL,1.0058,3
ALLEGHENY VALLEY HOSPITAL,PA,1.0057,3
CLARK REGIONAL MEDICAL CENTER,KY,1.0057,4
WINDHAM COMMUNITY MEMORIAL HOSPITAL,CT,1.0057,3
MOUNT NITTANY MEDICAL CENTER,PA,1.0056,5
MURRAY-CALLOWAY COUNTY HOSPITAL,KY,1.0056,5
PIEDMONT AUGUSTA HOSPITAL,GA,1.0056,6
VANDERBILT TULLAHOMA-HARTON HOSPITAL,TN,1.0056,4
ATRIUM HEALTH CLEVELAND,NC,1.0055,4
ATRIUM HEALTH PINEVILLE,NC,1.0055,6
PRATTVILLE BAPTIST HOSPITAL,AL,1.0055,3
UPMC WILLIAMSPORT,PA,1.0055,6
GOOD SAMARITAN HOSPITAL,OH,1.0054,5
"CONWAY REGIONAL MEDICAL CENTER, INC",AR,1.0053,4
DOCTORS HOSPITAL OF LAREDO,TX,1.0053,4
ADVENTHEALTH OCALA,FL,1.0052,6
MINDEN MEDICAL CENTER,LA,1.0052,3
BAPTIST HEALTH MEDICAL CENTER-LITTLE ROCK,AR,1.0051,6
ADVENTHEALTH REDMOND,GA,1.005,6
HOSPITAL OF UNIV OF PENNSYLVANIA,PA,1.005,5
MEMORIAL HEALTH MEADOWS HOSPITAL,GA,1.005,4
SALINAS VALLEY MEMORIAL HOSPITAL,CA,1.0049,5
CHAMPLAIN VALLEY PHYSICIANS HOSPITAL MEDICAL CTR,NY,1.0048,5
CROZER CHESTER MEDICAL CENTER,PA,1.0048,4
DEACONESS HENDERSON HOSPITAL,KY,1.0048,3
ENLOE HEALTH,CA,1.0048,6
SANTA CLARA VALLEY MEDICAL CENTER,CA,1.0048,6
UNIVERSITY OF MICHIGAN HEALTH SYSTEM,MI,1.0048,6
BAYSHORE MEDICAL CENTER,NJ,1.0047,4
BEAUFORT COUNTY MEMORIAL HOSPITAL,SC,1.0047,5
BOTHWELL REGIONAL HEALTH CENTER,MO,1.0047,3
CAPITAL HEALTH REGIONAL MEDICAL CENTER,NJ,1.0047,3
CHEROKEE MEDICAL CENTER,SC,1.0047,3
WALKER BAPTIST MEDICAL CENTER,AL,1.0047,3
JOHNSON MEMORIAL HOSPITAL,CT,1.0046,3
NORTHWESTERN MEDICINE DELNOR COMMUNITY HOSPITAL,IL,1.0046,5
LUBBOCK HEART HOSPITAL LP,TX,1.0045,5
FALMOUTH HOSPITAL,MA,1.0044,5
FAUQUIER HOSPITAL,VA,1.0044,5
HOUSTON METHODIST THE WOODLANDS HOSPITAL,TX,1.0044,6
JERSEY SHORE UNIVERSITY MEDICAL CENTER,NJ,1.0044,6
ST JOHN'S RIVERSIDE HOSPITAL,NY,1.0044,4
"VILLAGES REGIONAL HOSPITAL, THE",FL,1.0044,5
METHODIST MANSFIELD MEDICAL CENTER,TX,1.0043,6
JERSEY COMMUNITY HOSPITAL,IL,1.0041,4
MARION GENERAL HOSPITAL,IN,1.0041,4
TEXAS HEALTH HOSPITAL FRISCO,TX,1.0041,4
WEST JEFFERSON MEDICAL CENTER,LA,1.0041,4
BANNER ESTRELLA MEDICAL CENTER,AZ,1.004,5
HARPER UNIVERSITY HOSPITAL,MI,1.004,5
GOOD SAMARITAN REGIONAL HLTH CENTER,IL,1.0039,5
UNITED REGIONAL HEALTH CARE SYSTEM,TX,1.0039,6
CEDAR-SINAI MARINA DEL REY HOSPITAL,CA,1.0038,4
PIEDMONT CARTERSVILLE MEDICAL CENTER,GA,1.0038,4
SANTA ROSA MEDICAL CENTER,FL,1.0038,4
CARLSBAD MEDICAL CENTER,NM,1.0037,4
"CORPUS CHRISTI MEDICAL CENTER,THE",TX,1.0037,5
BAPTIST HOSPITAL,FL,1.0036,6
SKAGIT VALLEY HOSPITAL,WA,1.0036,5
THE HOSPITALS OF PROVIDENCE - MEMORIAL CAMPUS,TX,1.0036,3
ROLLING PLAINS MEMORIAL HOSPITAL,TX,1.0035,3
JOHN RANDOLPH MEDICAL CENTER,VA,1.0034,4
UNION HOSPITAL,OH,1.0034,3
FAYETTE MEDICAL CENTER,AL,1.0033,3
LAKEWOOD RANCH MEDICAL CENTER,FL,1.0033,5
HCA HOUSTON HEALTHCARE SOUTHEAST,TX,1.0032,5
HCA HOUSTON HEALTHCARE WEST,TX,1.0032,4
TAWAS ST JOSEPH HOSPITAL,MI,1.0032,3
MERCY HOSPITAL SOUTHEAST,MO,1.0031,6
SHANDS JACKSONVILLE,FL,1.0031,5
THOMAS HOSPITAL,AL,1.003,6
JOHN H STROGER JR HOSPITAL,IL,1.0029,4
KALEIDA HEALTH,NY,1.0028,6
BAPTIST HEALTH LEXINGTON,KY,1.0027,6
PALMDALE REGIONAL MEDICAL CENTER,CA,1.0027,5
SIERRA VIEW MEDICAL CENTER,CA,1.0027,5
NOVANT HEALTH MATTHEWS MEDICAL CENTER,NC,1.0026,5
MAYO CLINIC HOSPITAL,AZ,1.0025,6
CHRISTUS SPOHN HOSPITAL CORPUS CHRISTI,TX,1.0024,6
NEWTON-WELLESLEY HOSPITAL,MA,1.0024,5
TENNOVA HEALTHCARE-JEFFERSON MEMORIAL HOSPITAL,TN,1.0024,3
TORRANCE MEMORIAL MEDICAL CENTER,CA,1.0023,6
BAPTIST HOSPITAL OF MIAMI,FL,1.0022,5
KONA COMMUNITY HOSPITAL,HI,1.0022,3
UPMC PASSAVANT,PA,1.0022,6
CARROLLTON REGIONAL MEDICAL CENTER,TX,1.0021,4
DE TAR HOSPITAL NAVARRO,TX,1.002,4
SPRING VALLEY HOSPITAL MEDICAL CENTER,NV,1.002,6
WOODLAND HEIGHTS MEDICAL CENTER,TX,1.002,6
ESSENTIA HEALTH ST JOSEPH'S MEDICAL CENTER,MN,1.0019,5
SELF REGIONAL HEALTHCARE,SC,1.0019,6
GREENWOOD LEFLORE HOSPITAL,MS,1.0018,3
HERITAGE VALLEY BEAVER,PA,1.0018,6
ASCENSION ST VINCENT'S SOUTHSIDE,FL,1.0015,5
CHI ST LUKES HEALTH MEMORIAL LIVINGSTON,TX,1.0015,3
MERCYONE NORTH IOWA MEDICAL CENTER,IA,1.0015,6
NORTHEAST REGIONAL MEDICAL CENTER,MO,1.0015,4
SALINE MEMORIAL HOSPITAL,AR,1.0015,5
VAL VERDE REGIONAL MEDICAL CENTER,TX,1.0015,3
NORTH OKALOOSA MEDICAL CENTER,FL,1.0014,4
WELLSTAR WEST GEORGIA MEDICAL CENTER,GA,1.0014,4
GREATER EL MONTE COMMUNITY HOSPITAL,CA,1.0013,3
VALLEY BAPTIST MEDICAL CENTER- BROWNSVILLE,TX,1.0013,4
MCLAREN GREATER LANSING,MI,1.0012,6
SAINT JOSEPH REGIONAL MEDICAL CENTER,IN,1.0012,5
GREENWICH HOSPITAL ASSOCIATION -,CT,1.0011,5
HUDSON REGIONAL HOSPITAL,NJ,1.0011,4
PIEDMONT NEWTON HOSPITAL,GA,1.0011,5
TIDELANDS WACCAMAW COMMUNITY HOSPITAL,SC,1.0011,5
USC VERDUGO HILLS HOSPITAL,CA,1.0011,4
ST FRANCIS HOSPITAL- EMORY HEALTHCARE,GA,1.0009,5
VCU HEALTH TAPPAHANNOCK HOSPITAL,VA,1.0009,3
GLENDALE MEM HOSPITAL & HLTH CENTER,CA,1.0008,5
MON HEALTH MEDICAL CENTER,WV,1.0008,6
UPMC MCKEESPORT HOSPITAL,PA,1.0008,3
ABRAZO ARROWHEAD HOSPITAL,AZ,1.0007,6
BARTLETT REGIONAL HOSPITAL,AK,1.0007,3
SIGNATURE HEALTHCARE BROCKTON HOSPITAL,MA,1.0007,5
UNIVERSITY OF WASHINGTON MEDICAL CTR,WA,1.0007,6
BLOUNT MEMORIAL HOSPITAL,TN,1.0006,5
CHRISTIAN HOSPITAL NORTHEAST,MO,1.0006,6
MERCY HEALTH - TIFFIN HOSPITAL,OH,1.0006,3
TRINITY - BETTENDORF,IA,1.0006,5
INTEGRIS SOUTHWEST MEDICAL CENTER,OK,1.0005,5
NORTHEAST GEORGIA MEDICAL CENTER HABERSHAM,GA,1.0005,3
BRIDGEPORT HOSPITAL,CT,1.0003,6
DOCTORS HOSPITAL,OH,1.0003,4
FRANKFORT REGIONAL MEDICAL CENTER,KY,1.0003,4
JOHN DEMPSEY HOSPITAL OF THE UNIVERSITY OF CONNECT,CT,1.0002,4
NORTH ALABAMA MEDICAL CENTER,AL,1.0002,6
ADVENTHEALTH SHAWNEE MISSION,KS,1.0001,6
COMMUNITY FIRST MEDICAL CENTER,IL,1.0001,4
HANCOCK REGIONAL HOSPITAL,IN,0.9999,4
WELLSTAR COBB MEDICAL CENTER,GA,0.9999,4
ST CLAIR HOSPITAL,PA,0.9997,5
AURORA MEDICAL CENTER - SUMMIT,WI,0.9994,4
"COMMUNITY HOSPITAL SOUTH, INC.",IN,0.9994,5
UNC LENOIR HEALTH CARE,NC,0.9994,4
BAYLOR SCOTT &  WHITE MEDICAL CENTER - CENTENNIAL,TX,0.9993,4
LAKE HURON MEDICAL CENTER,MI,0.9992,4
PENN STATE HEALTH LANCASTER MEDICAL CENTER,PA,0.9992,4
SHANNON MEDICAL CENTER,TX,0.9992,6
BLANCHARD VALLEY HOSPITAL,OH,0.9991,6
BANNER-UNIVERSITY MEDICAL CENTER SOUTH CAMPUS,AZ,0.999,4
ASCENSION SACRED HEART BAY,FL,0.9989,5
O U MEDICAL CENTER,OK,0.9989,5
HILO BENIOFF MEDICAL CENTER,HI,0.9988,4
MEDSTAR GOOD SAMARITAN HOSPITAL,MD,0.9988,4
OCHSNER LAFAYETTE GENERAL MEDICAL CENTER,LA,0.9988,6
MEDICAL CITY PLANO,TX,0.9986,6
PIEDMONT HENRY HOSPITAL,GA,0.9986,5
RESOLUTE HEALTH HOSPITAL,TX,0.9985,5
UMD UPPER CHESAPEAKE MEDICAL CENTER,MD,0.9985,5
SPARTANBURG MEDICAL CENTER,SC,0.9984,6
BELOIT HEALTH SYSTEM,WI,0.9982,4
MERCY MEDICAL CENTER,OH,0.9982,6
BAPTIST BEAUMONT HOSPITAL,TX,0.9981,5
MARION GENERAL HOSPITAL,OH,0.9981,4
RIVERSIDE MEDICAL CENTER,IL,0.9981,5
ST DAVID'S SOUTH AUSTIN MEDICAL CENTER,TX,0.9981,6
USC ARCADIA HOSPITAL,CA,0.9981,5
DESOTO MEMORIAL HOSPITAL,FL,0.998,3
ADVENTIST HEALTH WHITE MEMORIAL MONTEBELLO,CA,0.9979,5
MERCY HEALTH - FAIRFIELD HOSPITAL,OH,0.9979,6
ATLANTIC GENERAL HOSPITAL,MD,0.9978,3
AURORA ST LUKES MEDICAL CENTER,WI,0.9978,6
MULTICARE AUBURN MEDICAL CENTER,WA,0.9978,5
ST ANTHONYS MEMORIAL HOSPITAL,IL,0.9978,3
YALE-NEW HAVEN HOSPITAL,CT,0.9977,6
ELLIS HOSPITAL,NY,0.9976,5
DYERSBURG REGIONAL MEDICAL CENTER,TN,0.9975,3
GATEWAY REGIONAL MEDICAL CENTER,IL,0.9975,3
ST DAVID'S MEDICAL CENTER,TX,0.9975,6
ASCENSION GENESYS HOSPITAL,MI,0.9974,6
DAVIS MEDICAL CENTER,WV,0.9974,3
DOCTORS HOSPITAL,FL,0.9974,4
ST FRANCIS COMMUNITY HOSPITAL,WA,0.9974,4
University of Arkansas Medical Sciences,AR,0.9974,4
WELLSPAN CHAMBERSBURG HOSPITAL,PA,0.9974,4
RIVERSIDE SHORE MEMORIAL HOSPITAL,VA,0.9973,3
UPMC MERCY,PA,0.9973,4
AMITA HEALTH RESURRECTION MEDICAL CENTER,IL,0.9972,6
POPLAR BLUFF REGIONAL MEDICAL CENTER,MO,0.9972,4
WEST KENDALL BAPTIST HOSPITAL,FL,0.9972,3
HCA FLORIDA CITRUS HOSPITAL,FL,0.9971,6
EMORY UNIVERSITY HOSPITAL,GA,0.997,6
MARIAN REGIONAL MEDICAL CENTER,CA,0.997,6
MCLEOD HEALTH CLARENDON,SC,0.997,3
MEMORIAL HERMANN NORTHEAST HOSPITAL,TX,0.997,4
ST JOSEPHS COMMUNITY HOSPITAL WEST BEND,WI,0.997,4
GOOD SAMARITAN MEDICAL CENTER LLC,CO,0.9968,4
SONOMA VALLEY HOSPITAL,CA,0.9967,3
PUSHMATAHA HOSPITAL,OK,0.9966,3
BANNER GATEWAY MEDICAL CENTER,AZ,0.9965,3
MERCY HOSPITAL WASHINGTON,MO,0.9965,5
ST MARYS MEDICAL CENTER,WV,0.9965,6
PIEDMONT WALTON HOSPITAL,GA,0.9964,3
PLAINVIEW HOSPITAL,NY,0.9964,5
SAINT ALPHONSUS MEDICAL CENTER ONTARIO,OR,0.9964,3
UPMC HAMOT,PA,0.9962,6
CLARION HOSPITAL,PA,0.9961,3
MUSC HEALTH LANCASTER MEDICAL CENTER,SC,0.9961,3
UPMC HANOVER,PA,0.9961,5
"BROOKS-TLC HOSPITAL SYSTEM, INC",NY,0.996,3
SOUTHERN HILLS HOSPITAL AND MEDICAL CENTER,NV,0.996,5
VALLEY MEDICAL CENTER,WA,0.996,4
CHESTER COUNTY HOSPITAL,PA,0.9959,6
WETZEL COUNTY HOSPITAL,WV,0.9959,3
MOUNTAIN WEST MEDICAL CENTER,UT,0.9958,3
SAINT ALPHONSUS MEDICAL CENTER - NAMPA,ID,0.9958,5
WEBSTER GENERAL HOSPITAL/ SWING BED,MS,0.9958,3
ARCHBOLD MEMORIAL HOSPITAL,GA,0.9957,5
BON SECOURS-ST FRANCIS XAVIER HOSPITAL,SC,0.9957,3
NATIONAL PARK MEDICAL CENTER,AR,0.9957,6
EPHRAIM MCDOWELL REGIONAL MEDICAL CENTER,KY,0.9955,4
CHIPPEWA COUNTY WAR MEMORIAL HOSPITAL,MI,0.9954,3
INDEPENDENCE HEALTH SYSTEM BUTLER MEMORIAL HOSPITA,PA,0.9949,5
LOGAN REGIONAL MEDICAL CENTER,WV,0.9949,3
MERCY HEALTH - CLERMONT HOSPITAL,OH,0.9949,3
METHODIST CHARLTON MEDICAL CENTER,TX,0.9949,5
ST LUKE'S HOSPITAL - EASTON CAMPUS,PA,0.9949,3
UPMC CHAUTAUQUA AT WCA,NY,0.9949,5
FRANKLIN WOODS COMMUNITY HOSPITAL,TN,0.9948,3
RIVERVIEW HEALTH,IN,0.9948,4
WILSON MEMORIAL HOSPITAL,OH,0.9948,4
ABRAZO WEST CAMPUS,AZ,0.9947,4
CHRISTUS JASPER MEMORIAL HOSPITAL,TX,0.9947,3
FLUSHING HOSPITAL MEDICAL CENTER,NY,0.9947,3
MOUNT CARMEL ST ANN'S,OH,0.9947,5
SOUTH COUNTY HOSPITAL INC,RI,0.9947,4
TRINITY HOSPITALS,ND,0.9947,5
SCRIPPS MEMORIAL HOSPITAL LA JOLLA,CA,0.9946,6
CLOVIS COMMUNITY MEDICAL CENTER,CA,0.9945,6
LAWRENCE GENERAL HOSPITAL,MA,0.9945,5
"TY COBB REGIONAL MEDICAL CENTER, LLC",GA,0.9945,3
OCHSNER MEDICAL CENTER - BATON ROUGE,LA,0.9944,4
SOVAH HEALTH DANVILLE,VA,0.9944,5
WARREN MEMORIAL HOSPITAL,VA,0.9944,4
BAYLOR SCOTT & WHITE MEDICAL CENTER - TEMPLE,TX,0.9943,6
CLINCH VALLEY MEDICAL CENTER,VA,0.9943,4
BEAUREGARD MEMORIAL HOSPITAL,LA,0.9942,3
HENNEPIN COUNTY MEDICAL CENTER,MN,0.9942,4
INOVA FAIR OAKS HOSPITAL,VA,0.9942,4
KENT COUNTY MEMORIAL HOSPITAL,RI,0.9942,5
MULTICARE GOOD SAMARITAN HOSPITAL,WA,0.9942,5
CULLMAN REGIONAL MEDICAL CENTER,AL,0.9941,5
MERIT HEALTH CENTRAL,MS,0.9941,3
CHAMBERS MEMORIAL HOSPITAL,AR,0.994,3
OWENSBORO HEALTH TWIN LAKES MEDICAL CENTER,KY,0.994,3
SOUTH MIAMI HOSPITAL,FL,0.9939,5
TERREBONNE GENERAL MEDICAL CENTER - PARISH,LA,0.9939,5
TEXAS HEALTH PRESBYTERIAN HOSPITAL ALLEN,TX,0.9939,5
COVENANT MEDICAL CENTER,MI,0.9938,6
NORTH ARKANSAS REGIONAL MEDICAL CENTER,AR,0.9938,4
GULF BREEZE HOSPITAL,FL,0.9937,4
PROVIDENCE SANTA ROSA MEMORIAL HOSPITAL,CA,0.9937,6
SENTARA ALBEMARLE MEDICAL CENTER,NC,0.9937,4
UNIVERSITY OF MD CAPITAL REGION MEDICAL CENTER,MD,0.9937,5
CHRISTUS ST MICHAEL HEALTH SYSTEM,TX,0.9936,6
SILVER CROSS HOSPITAL  AND MEDICAL CENTERS,IL,0.9935,6
UF HEALTH LEESBURG HOSPITAL,FL,0.9935,6
"UNITED HOSPITAL CENTER, INC",WV,0.9935,5
FINLEY HOSPITAL,IA,0.9934,5
UPMC SOMERSET,PA,0.9934,3
JENNIE STUART MEDICAL CENTER,KY,0.9933,3
ST JOSEPH'S HOSPITAL,AZ,0.9933,5
ST. CATHERINE HOSPITAL - GARDEN CITY,KS,0.9933,4
CLARA MAASS MEDICAL CENTER,NJ,0.9932,4
METHODIST HEALTHCARE - OLIVE BRANCH HOSPITAL,MS,0.9932,4
THREE RIVERS HEALTH,MI,0.9932,3
NORTON-KING'S DAUGHTERS' HEALTH,IN,0.9931,3
ROPER HOSPITAL,SC,0.9931,6
SARATOGA HOSPITAL,NY,0.9931,5
THREE RIVERS MEDICAL CENTER,KY,0.9931,3
BELLEVUE HOSPITAL,OH,0.993,3
CORAL GABLES HOSPITAL,FL,0.993,3
PECONIC BAY MEDICAL CENTER,NY,0.993,5
UNION GENERAL HOSPITAL,GA,0.993,4
MERCY HOSPITAL,CA,0.9929,3
EVERGREEN MEDICAL CENTER,AL,0.9928,3
INOVA MOUNT VERNON HOSPITAL,VA,0.9928,4
LAKEVIEW MEMORIAL HOSPITAL,MN,0.9928,5
MEMORIAL MEDICAL CENTER,IL,0.9928,5
READING HOSPITAL,PA,0.9928,6
SHARON REGIONAL MEDICAL CENTER,PA,0.9928,5
STILLWATER MEDICAL CENTER,OK,0.9928,5
BARNES-JEWISH WEST COUNTY HOSPITAL,MO,0.9927,3
CAROLINA EAST MEDICAL CENTER,NC,0.9927,6
LUTHERAN HOSPITAL OF INDIANA,IN,0.9927,5
MAD RIVER COMMUNITY HOSPITAL,CA,0.9927,4
ATLANTICARE REGIONAL MEDICAL CENTER - CITY CAMPUS,NJ,0.9926,6
COMMUNITY HOSPITAL OF THE MONTEREY PENINSULA,CA,0.9926,6
HCA FLORIDA NORTH FLORIDA HOSPITAL,FL,0.9926,6
PARKVIEW REGIONAL MEDICAL CENTER,IN,0.9926,5
CENTRA BEDFORD MEMORIAL HOSPITAL,VA,0.9924,3
MEDSTAR SOUTHERN MARYLAND HOSPITAL CENTER,MD,0.9924,5
MISSOURI DELTA MEDICAL CENTER,MO,0.9924,3
TRIOS HEALTH,WA,0.9924,5
ARNOT OGDEN MEDICAL CENTER,NY,0.9923,5
MCLAREN LAPEER REGION,MI,0.9923,4
UH ST JOHN MEDICAL CENTER,OH,0.9923,5
UNIVERSITY HEALTH SYSTEM,TX,0.9923,5
GEISINGER-BLOOMSBURG HOSPITAL,PA,0.9922,3
OHIOHEALTH O'BLENESS HOSPITAL,OH,0.9922,3
SAINT VINCENT HOSPITAL,PA,0.9922,6
HEYWOOD HOSPITAL -,MA,0.9921,4
ORLANDO HEALTH ROCKLEDGE HOSPITAL,FL,0.9921,5
PENNSYLVANIA HOSPITAL,PA,0.9921,5
ST FRANCIS REGIONAL MEDICAL CENTER,MN,0.9921,4
ST LUKE'S HOSPITAL - GRAND VIEW CAMPUS,PA,0.9921,5
ASCENSION SE WISCONSIN HOSPITAL,WI,0.9919,5
CHI HEALTH ST. ELIZABETH,NE,0.9919,4
EDEN MEDICAL CENTER,CA,0.9919,4
PIH HEALTH HOSPITAL-WHITTIER,CA,0.9919,6
NORTH SHORE MEDICAL CENTER -,MA,0.9917,5
OLYMPIC MEDICAL CENTER,WA,0.9916,3
USA HEALTH UNIVERSITY HOSPITAL,AL,0.9916,3
DOCTORS HOSPITAL,GA,0.9915,5
YORK HOSPITAL,ME,0.9915,4
HACKENSACK MERIDIAN MOUNTAINSIDE MEDICAL,NJ,0.9914,5
PENN STATE HEALTH ST. JOSEPH,PA,0.9914,5
BAPTIST HEALTH LAGRANGE,KY,0.9913,3
AVITA ONTARIO,OH,0.9912,4
BANNER HEART HOSPITAL,AZ,0.9912,4
SSM HEALTH ST MARY'S HOSPITAL - JANESVILLE,WI,0.9912,3
UNITYPOINT HEALTH - MERITER,WI,0.9912,4
WILLAMETTE VALLEY MEDICAL CENTER,OR,0.9912,4
JOHNSTON MEMORIAL HOSPITAL,VA,0.9911,4
NORTHEAST GEORGIA MEDICAL CENTER LUMPKIN,GA,0.9911,3
ST ELIZABETH DEARBORN HOSPITAL,IN,0.9911,4
ST LUKE'S HOSPITAL AT THE VINTAGE,TX,0.9911,4
LAREDO MEDICAL CENTER,TX,0.991,4
WYCKOFF HEIGHTS MEDICAL CENTER,NY,0.991,4
MAYO CLINIC HEALTH SYSTEM - ALBERT LEA AND AUSTIN,MN,0.9909,4
PIONEERS MEMORIAL HEALTHCARE DISTRICT,CA,0.9909,3
SWEDISH HOSPITAL,IL,0.9909,4
FAIRVIEW HOSPITAL,OH,0.9908,6
INDIANA UNIVERSITY HEALTH BALL MEMORIAL HOSPITAL,IN,0.9907,6
"UNIVERSITY HEALTH SYSTEM, INC",TN,0.9907,6
CHI HEALTH MERCY COUNCIL BLUFFS,IA,0.9906,3
HONORHEALTH SCOTTSDALE OSBORN MEDICAL CENTER,AZ,0.9905,5
REGIONS HOSPITAL,MN,0.9905,6
UNIVERSITY OF MICHIGAN HEALTH-SPARROW CARSON,MI,0.9905,3
SAN GABRIEL VALLEY MEDICAL CENTER,CA,0.9904,4
"WASHINGTON HOSPITAL, THE",PA,0.9904,6
SAINT FRANCIS BARTLETT MEDICAL CENTER,TN,0.9902,4
MAYO CLINIC,FL,0.9901,6
"NGMC BARROW, LLC",GA,0.9901,3
HOLY NAME MEDICAL CENTER,NJ,0.9899,5
PALI MOMI MEDICAL CENTER,HI,0.9899,4
ASPIRUS DIVINE SAVIOR HOSPITAL,WI,0.9898,3
NEWTON MEDICAL CENTER,NJ,0.9898,5
SAINT JOSEPH HOSPITAL-ELGIN,IL,0.9898,5
FIRELANDS REGIONAL MEDICAL CENTER,OH,0.9896,4
HONOR HEALTH JOHN C. LINCOLN MEDICAL CENTER,AZ,0.9896,5
NS/LIJ HS SOUTHSIDE HOSPITAL,NY,0.9896,6
OHIOHEALTH MANSFIELD HOSPITAL,OH,0.9896,5
FRANCISCAN HEALTH LAFAYETTE,IN,0.9895,6
TAMPA GENERAL HOSPITAL CRYSTAL RIVER,FL,0.9895,5
NATHAN LITTAUER HOSPITAL,NY,0.9894,3
UF HEALTH SHANDS HOSPITAL,FL,0.9894,6
ADVENTHEALTH SEBRING,FL,0.9893,5
SUMMIT HEALTHCARE REGIONAL MEDICAL CENTER,AZ,0.9893,5
UCI HEALTH-ORANGE,CA,0.9893,6
BAPTIST MEDICAL CENTER - NASSAU,FL,0.9892,3
INDIANA UNIVERSITY HEALTH,IN,0.9892,6
PARIS REGIONAL MEDICAL CENTER,TX,0.9891,5
PROVIDENCE ST. JUDE MEDICAL CENTER,CA,0.9891,6
EXCELA HEALTH - FRICK HOSPITAL,PA,0.989,3
LONESOME PINE HOSPITAL,VA,0.989,3
MERCY HOSPITAL NORTHWEST ARKANSAS,AR,0.989,5
JACKSON HOSPITAL & CLINIC INC,AL,0.9889,5
OHIO STATE UNIVERSITY STATE HEALTH SYSTEM,OH,0.9889,6
WELLSTAR KENNESTONE REGIONAL MEDICAL CENTER,GA,0.9888,6
OHSU HOSPITAL AND CLINICS,OR,0.9887,5
NICHOLAS H NOYES MEMORIAL HOSPITAL,NY,0.9886,3
BAPTIST HEALTH LOUISVILLE,KY,0.9884,6
FRANCISCAN HEALTH CRAWFORDSVILLE,IN,0.9884,3
TEXAS HEALTH HARRIS METHODIST HOSPITAL SOUTHWEST F,TX,0.9884,5
BETSY JOHNSON REGIONAL HOSPITAL,NC,0.9883,4
IBERIA MEDICAL CENTER,LA,0.9883,5
PIEDMONT MOUNTAINSIDE HOSPITAL INC,GA,0.9882,3
BAPTIST HEALTH FLOYD,IN,0.9879,6
CHSLI ST JOSEPH HOSPITAL,NY,0.9879,5
HUTCHINSON REGIONAL MEDICAL CENTER INC,KS,0.9879,6
BANNER DEL E. WEBB MEDICAL CENTER,AZ,0.9878,5
NASHOBA VALLEY MEDICAL CENTER,MA,0.9878,4
NESHOBA COUNTY GENERAL HOSPITAL,MS,0.9878,3
TALLAHASSEE MEMORIAL HEALTHCARE,FL,0.9878,6
WILSON N JONES REGIONAL MEDICAL CENTER,TX,0.9878,4
ADVENTHEALTH CASTLE ROCK,CO,0.9876,4
DALLAS REGIONAL MEDICAL CENTER,TX,0.9876,4
OSF SAINT KATHARINE MEDICAL CENTER,IL,0.9876,4
HONORHEALTH MOUNTAIN VISTA MEDICAL CENTER,AZ,0.9875,5
FLAGLER HOSPITAL,FL,0.9874,6
TOURO INFIRMARY,LA,0.9874,6
BAYLOR UNIVERSITY MEDICAL CENTER,TX,0.9873,6
TRINITY HEALTH ANN ARBOR HOSPITAL,MI,0.9873,6
ADVENTIST HEALTH UKIAH VALLEY,CA,0.9872,3
SAINT LUKE'S EAST  HOSPITAL,MO,0.9872,5
HERITAGE VALLEY SEWICKLEY,PA,0.9871,4
HOLLYWOOD PRESBYTERIAN MEDICAL CENTER,CA,0.9871,5
POMONA VALLEY HOSPITAL MEDICAL CENTER,CA,0.9871,6
PRINCETON COMMUNITY HOSPITAL ASSN INC,WV,0.9871,5
STEPHENS COUNTY HOSPITAL,GA,0.9871,3
WARREN GENERAL HOSPITAL,PA,0.9871,4
ASCENSION  SETON HAYS,TX,0.987,5
PARKRIDGE MEDICAL CENTER,TN,0.987,6
VANDERBILT BEDFORD HOSPITAL,TN,0.987,3
Adventhealth Zephyrhills,FL,0.9869,4
SAINT THOMAS RIVER PARK HOSPITAL,TN,0.9869,3
M HEALTH FAIRVIEW WOODWINDS HOSPITAL,MN,0.9868,4
COMMUNITY HOSPITALS AND WELLNESS CENTERS,OH,0.9867,4
MEDSTAR WASHINGTON HOSPITAL CENTER,DC,0.9867,6
TEXAS COUNTY MEMORIAL HOSPITAL,MO,0.9867,3
EXETER HOSPITAL INC,NH,0.9865,5
HAVASU REGIONAL MEDICAL CENTER,AZ,0.9865,6
INTEGRIS GROVE HOSPITAL,OK,0.9865,3
UCHICAGO MEDICINE ADVENTHEALTH LA GRANGE,IL,0.9865,5
PROVIDENCE MISSION HOSPITAL,CA,0.9864,6
CENTURA HEALTH-PENROSE ST FRANCIS HEALTH SERVICES,CO,0.9863,6
GOLDEN VALLEY MEMORIAL HOSPITAL,MO,0.9863,4
"INTEGRIS BAPTIST MEDICAL CENTER, INC",OK,0.9862,6
METHODIST MIDLOTHIAN MEDICAL CENTER,TX,0.9862,3
PRISMA HEALTH RICHLAND HOSPITAL,SC,0.9862,5
CHRIST HOSPITAL,OH,0.9861,6
LAKE GRANBURY MEDICAL CENTER,TX,0.986,4
LAKELAND COMMUNITY HOSPITAL,AL,0.986,3
BLESSING HOSPITAL,IL,0.9859,6
NORTH SHORE UNIVERSITY HOSPITAL,NY,0.9859,6
NORTHSHORE UNIVERSITY HEALTHSYSTEM - EVANSTON HOSPITAL,IL,0.9858,6
TENNOVA HEALTHCARE - NEWPORT MEDICAL CENTER,TN,0.9858,3
THREE CROSSES REGIONAL HOSPITAL LLC,NM,0.9858,4
HIGHLINE MEDICAL CENTER,WA,0.9857,4
HILLCREST HOSPITAL,OH,0.9857,6
MEMORIALCARE ORANGE COAST MEDICAL CENTER,CA,0.9857,6
MERCER COUNTY JOINT TOWNSHIP COMMUNITY HOSPITAL,OH,0.9857,3
LAKE CHARLES MEMORIAL HOSPITAL,LA,0.9856,5
RIVERSIDE DOCTORS' HOSPITAL OF WILLIAMSBURG,VA,0.9856,4
ST VINCENT'S MEDICAL CENTER,CT,0.9856,6
BLUFFTON REGIONAL MEDICAL CENTER,IN,0.9855,3
GRADY MEMORIAL HOSPITAL,OH,0.9855,3
SOUTHWESTERN VERMONT MEDICAL CENTER,VT,0.9854,4
CUMBERLAND MEDICAL CENTER,TN,0.9853,5
KNOX COMMUNITY HOSPITAL,OH,0.9853,4
OCHSNER LSU HEALTH SHREVEPORT,LA,0.9853,4
UNIVERSITY OF KANSAS HEALTH SYSTEM - ST FRANCIS CAMPUS,KS,0.9853,6
AURORA MEDICAL CTR MANITOWOC COUNTY,WI,0.9852,3
CONCORD HOSPITAL- LACONIA,NH,0.9852,3
INDIANA UNIVERSITY HEALTH ARNETT HOSPITAL,IN,0.9852,6
UNIVERSITY OF MD ST JOSEPH MEDICAL CENTER,MD,0.9852,6
ASCENSION ST VINCENT CARMEL,IN,0.9851,3
CAMBRIDGE MEDICAL CENTER,MN,0.9851,4
HARRISON MEMORIAL HOSPITAL,KY,0.9851,4
LAKEVIEW HOSPITAL,UT,0.9851,3
CARILION NEW RIVER VALLEY MEDICAL CENTER,VA,0.985,4
EMERSON HOSPITAL -,MA,0.985,4
UPMC JAMESON,PA,0.985,4
ADENA REGIONAL MEDICAL CENTER,OH,0.9849,6
RANDOLPH HOSPITAL,NC,0.9849,3
LARKIN COMMUNITY HOSPITAL PALM SPRINGS CAMPUS,FL,0.9848,3
BOSTON MEDICAL CENTER,MA,0.9847,6
MEMORIAL HOSPITAL MIRAMAR,FL,0.9847,3
PLAINS REGIONAL MEDICAL CENTER,NM,0.9847,4
CHI HEALTH ST. FRANCIS,NE,0.9846,4
COMMUNITY MEDICAL CENTER,MT,0.9846,4
ISLAND HOSPITAL,WA,0.9846,3
SAINT JOSEPH HOSPITAL,CO,0.9846,4
SENTARA NORFOLK GENERAL HOSPITAL,VA,0.9846,5
SENTARA OBICI HOSPITAL,VA,0.9846,5
DAMERON HOSPITAL,CA,0.9845,5
ADVENTIST HEALTH CASTLE,HI,0.9844,5
DENVER HEALTH & HOSPITAL AUTHORITY,CO,0.9844,3
HAYWOOD REGIONAL MEDICAL CENTER,NC,0.9844,4
MERCY HEALTH-ST RITA'S MEDICAL CENTER,OH,0.9844,6
UNIVERSITY MEDICAL CENTER NEW ORLEANS,LA,0.9844,3
WOOSTER COMMUNITY HOSPITAL,OH,0.9844,5
LEXINGTON MEMORIAL HOSPITAL INC,NC,0.9843,4
MOUNT PLEASANT HOSPITAL,SC,0.9843,4
"UNITED HEALTH SERVICES HOSPITALS, INC",NY,0.9843,6
VENTURA COUNTY MEDICAL CENTER,CA,0.9843,4
"ASPIRUS STEVENS POINT HOSPITAL & CLINICS, INC.",WI,0.9842,3
PROVIDENCE ST. JOSEPH HOSPITAL,CA,0.9842,6
ST JOSEPHS HOSPITAL,IL,0.9842,3
BAPTIST MEMORIAL HOSPITAL UNION COUNTY,MS,0.9841,3
"CAMC GREENBRIER VALLEY MEDICAL CENTER, INC",WV,0.9841,3
MISSION COMMUNITY HOSPITAL,CA,0.9841,4
MISSISSIPPI BAPTIST MEDICAL CENTER,MS,0.9841,6
"PIEDMONT NEWNAN HOSPITAL, INC",GA,0.9841,5
"CABELL HUNTINGTON HOSPITAL, INC",WV,0.984,4
FAITH REGIONAL HEALTH SERVICES,NE,0.9839,5
"MERCY HOSPITAL PITTSBURG, INC",KS,0.9839,5
ST JOSEPHS HOSPITAL,FL,0.9839,5
ASCENSION ST JOHN BROKEN ARROW,OK,0.9838,3
NORTHWEST TEXAS HOSPITAL,TX,0.9838,5
UNM HOSPITAL,NM,0.9838,4
NORTH CAROLINA BAPTIST HOSPITAL,NC,0.9836,6
VISTA MEDICAL CENTER EAST,IL,0.9836,4
ASCENSION RIVER DISTRICT HOSPITAL,MI,0.9835,3
WELLSPAN YORK HOSPITAL,PA,0.9835,5
EXCELA HEALTH LATROBE HOSPITAL,PA,0.9834,4
GEISINGER WYOMING VALLEY MEDICAL CENTER,PA,0.9834,6
KING'S DAUGHTERS MEDICAL CENTER-BROOKHAVEN,MS,0.9834,3
LEHIGH VALLEY HOSPITAL - DICKSON CITY,PA,0.9834,3
MAINEHEALTH MID COAST HOSPITAL,ME,0.9834,3
"NORTHEAST GEORGIA MEDICAL CENTER, INC",GA,0.9834,6
PRINCETON BAPTIST MEDICAL CENTER,AL,0.9833,6
SACRED HEART HOSPITAL ON THE EMERALD COAST,FL,0.9833,4
SOUTHERN TENNESSEE REGIONAL HEALTH SYSTEM LAWRENCE,TN,0.9833,3
VOLUNTEER COMMUNITY HOSPITAL,TN,0.9833,3
BANNER THUNDERBIRD MEDICAL CENTER,AZ,0.9831,5
FLAGSTAFF MEDICAL CENTER,AZ,0.9831,6
TIMPANOGOS REGIONAL HOSPITAL,UT,0.9831,4
MEDINA HOSPITAL,OH,0.983,4
MERCY HEALTH - DEFIANCE HOSPITAL,OH,0.983,3
MYMICHIGAN MEDICAL CENTER MIDLAND,MI,0.983,6
COLUSA MEDICAL CENTER,CA,0.9829,3
GEISINGER MEDICAL CENTER,PA,0.9828,6
INTEGRIS HEALTH ENID HOSPITAL,OK,0.9828,4
ACADIA GENERAL HOSPITAL,LA,0.9827,4
CITIZENS MEMORIAL HOSPITAL,MO,0.9827,4
MULTICARE COVINGTON MEDICAL CENTER,WA,0.9827,3
OCHSNER MEDICAL CENTER-KENNER,LA,0.9827,4
PETALUMA VALLEY HOSPITAL,CA,0.9827,4
SSM HEALTH ST AGNES HOSPITAL-FOND DU LAC,WI,0.9827,5
CHESAPEAKE GENERAL HOSPITAL,VA,0.9825,5
UNITYPOINT HEALTH - MARSHALLTOWN,IA,0.9825,3
CATHOLIC MEDICAL CENTER,NH,0.9823,6
GREAT FALLS CLINIC HOSPITAL,MT,0.9823,6
CARSON TAHOE REGIONAL MEDICAL CENTER,NV,0.9822,5
OSF SAINT ANTHONY'S HEALTH CENTER,IL,0.9822,4
PIEDMONT COLUMBUS REGIONAL NORTHSIDE,GA,0.9822,4
UOFL HEALTH - JEWISH HOSPITAL and Mary & Elizabeth Hospital,KY,0.9821,6
SMYTH COUNTY COMMUNITY HOSPITAL,VA,0.982,3
YAVAPAI REGIONAL MEDICAL CENTER,AZ,0.982,6
ST ELIZABETH COMMUNITY HOSPITAL,CA,0.9819,3
BAYLOR SCOTT & WHITE MEDICAL CENTER - MARBLE FALLS,TX,0.9818,4
COMMUNITY MEMORIAL HOSPITAL,VA,0.9818,3
PELHAM MEDICAL CENTER,SC,0.9817,3
EMORY JOHNS CREEK HOSPITAL,GA,0.9815,5
NORTHERN DUTCHESS HOSPITAL,NY,0.9815,4
THE MEDICAL CENTER OF AURORA & SOUTH HOSPITAL,CO,0.9815,6
UCSF HEALTH ST. MARY'S HOSPITAL,CA,0.9815,5
VALLEY VIEW MEDICAL CENTER,AZ,0.9815,3
MERCYONE CLINTON MEDICAL CENTER,IA,0.9814,4
DIGNITY HEALTH ARIZONA GENERAL HOSPITAL,AZ,0.9813,3
HARLINGEN MEDICAL CENTER,TX,0.9813,6
TEMPLE UNIVERSITY HOSPITAL,PA,0.9813,6
MERCY HOSPITAL,MN,0.9812,6
STORMONT VAIL HOSPITAL,KS,0.9812,6
NAZARETH HOSPITAL,PA,0.9811,4
CENTURA ST. CATHERINE-DODGE CITY,KS,0.981,4
ST MARY MEDICAL CENTER,CA,0.981,4
BRIGHAM AND WOMEN'S HOSPITAL,MA,0.9809,6
WEST PENN HOSPITAL,PA,0.9809,3
CAMPBELL COUNTY HEALTH,WY,0.9808,4
HARRISBURG MEDICAL CENTER,IL,0.9808,3
UNITED MEDICAL CENTER,DC,0.9808,3
YUMA REGIONAL MEDICAL CENTER,AZ,0.9808,6
JOHNSON MEMORIAL HOSPITAL,IN,0.9807,3
ST JOSEPH'S HOSPITAL - SAVANNAH,GA,0.9807,6
SUTTER ROSEVILLE MEDICAL CENTER,CA,0.9807,5
ADVENTHEALTH DADE CITY,FL,0.9806,4
TRISTAR HORIZON MEDICAL CENTER,TN,0.9806,5
CHI ST JOSEPH HEALTH REGIONAL HOSPITAL,TX,0.9804,6
KINGS COUNTY HOSPITAL CENTER,NY,0.9804,3
THE MONROE CLINIC,WI,0.9804,4
CALVERTHEALTH MEDICAL CENTER,MD,0.9803,4
BOULDER COMMUNITY HEALTH,CO,0.9801,6
HARBORVIEW MEDICAL CENTER,WA,0.9801,4
SIBLEY MEMORIAL HOSPITAL,DC,0.9801,5
ALLEN HOSPITAL,IA,0.98,6
UPMC CARLISLE,PA,0.98,4
ELMHURST HOSPITAL CENTER,NY,0.9799,4
JACKSON-MADISON COUNTY GENERAL HOSPITAL,TN,0.9799,5
RUTHERFORD REGIONAL MEDICAL CENTER,NC,0.9799,4
INTEGRIS CANADIAN VALLEY HOSPITAL,OK,0.9798,3
PALO PINTO GENERAL HOSPITAL,TX,0.9798,3
GEORGE WASHINGTON UNIV HOSPITAL,DC,0.9797,6
LAC/HARBOR-UCLA MED CENTER,CA,0.9797,5
PRESENCE SAINT JOSEPH HOSPITAL - CHICAGO,IL,0.9797,5
CANDLER HOSPITAL,GA,0.9796,3
METHODIST JENNIE EDMUNDSON,IA,0.9796,5
WESTERN ARIZONA REGIONAL MEDICAL CENTER,AZ,0.9796,5
ARKANSAS METHODIST MEDICAL CENTER,AR,0.9795,4
"PARKVIEW MEDICAL CENTER, INC",CO,0.9794,6
"ROCK REGIONAL HOSPITAL, LLC",KS,0.9794,3
NORTHERN LIGHT MERCY HOSPITAL,ME,0.9793,3
CHANDLER REGIONAL MEDICAL CENTER,AZ,0.9792,5
UNIVERSITY OF WI  HOSPITALS & CLINICS AUTHORITY,WI,0.9791,6
WATERBURY HOSPITAL,CT,0.9791,5
SUTTER AMADOR HOSPITAL,CA,0.979,4
TEXAS HEALTH HEART & VASCULAR HOSPITAL ARLINGTON,TX,0.979,3
VANDERBILT WILSON COUNTY HOSPITAL,TN,0.979,5
HCA HOUSTON HEALTHCARE CLEAR LAKE,TX,0.9789,6
OWENSBORO HEALTH REGIONAL HOSPITAL,KY,0.9789,5
TISHOMINGO HEALTH SERVICES INC,MS,0.9788,3
MEMORIAL HOSPITAL,OH,0.9787,3
MERCY REGIONAL MEDICAL CENTER,LA,0.9787,3
METHODIST DALLAS MEDICAL CENTER,TX,0.9787,4
COPLEY MEMORIAL HOSPITAL,IL,0.9786,6
GOSHEN HOSPITAL,IN,0.9785,4
SCHUYLKILL MEDICAL CENTER - SOUTH JACKSON STREET,PA,0.9785,4
ASCENSION SAINT THOMAS HOSPITAL,TN,0.9784,6
SOUTHEAST HEALTH MEDICAL CENTER,AL,0.9784,6
PROVIDENCE LITTLE CO OF MARY MED CTR SAN PEDRO,CA,0.9783,3
"UNIVERSITY OF CINCINNATI MEDICAL CENTER, LLC",OH,0.9783,6
FREDERICK HEALTH HOSPITAL,MD,0.9782,5
INTEGRIS MIAMI HOSPITAL,OK,0.9782,3
NORTHWESTERN MEDICINE KISHWAUKEE HOSPITAL,IL,0.9781,4
AURORA MEMORIAL HOSPITAL BURLINGTON,WI,0.978,3
HOMESTEAD HOSPITAL,FL,0.978,3
ROUND ROCK MEDICAL CENTER,TX,0.978,5
SHERIDAN MEMORIAL HOSPITAL,WY,0.978,5
ADVENTHEALTH DAYTONA BEACH,FL,0.9779,6
LEGACY MOUNT HOOD MEDICAL CENTER,OR,0.9779,3
MONROE HOSPITAL,IN,0.9779,3
PENN STATE HEALTH HAMPDEN MEDICAL CENTER,PA,0.9779,4
"VIA CHRISTI HOSPITAL WICHITA ST TERESA, INC",KS,0.9779,3
AURORA MEDICAL CENTER KENOSHA,WI,0.9778,4
GULF COAST MEDICAL CENTER LEE HEALTH,FL,0.9778,5
JACKSON COUNTY MEMORIAL HOSPITAL AUTHORITY,OK,0.9778,4
MEMORIALCARE SADDLEBACK MEDICAL CENTER,CA,0.9778,5
SUTTER SANTA ROSA REGIONAL HOSPITAL,CA,0.9776,5
ANDERSON REGIONAL MEDICAL CENTER,MS,0.9775,6
JPS HEALTH NETWORK,TX,0.9775,3
MCALESTER REGIONAL HEALTH CENTER,OK,0.9775,5
UNIVERSITY OF MD MEDICAL CENTER MIDTOWN CAMPUS,MD,0.9775,3
PRISMA HEALTH BAPTIST EASLEY HOSPITAL,SC,0.9772,3
AVERA ST LUKES,SD,0.9771,5
CAROLINAS MEDICAL CENTER-NORTHEAST,NC,0.9771,6
HOLY CROSS HOSPITAL,MD,0.9771,5
ADVENTIST HEALTHCARE FORT WASHINGTON MEDICAL CTR,MD,0.9769,4
ASCENSION COLUMBIA ST MARYS HOSPITAL MILWAUKEE,WI,0.9769,5
MCLAREN NORTHERN MICHIGAN,MI,0.9768,6
ASCENSION ST MARY'S HOSPITAL,MI,0.9767,4
CENTERPOINT MEDICAL CENTER,MO,0.9767,6
EMANUEL MEDICAL CENTER,GA,0.9766,3
CARLE HEALTH PEKIN HOSPITAL,IL,0.9765,3
CJW MEDICAL CENTER,VA,0.9765,6
LAKE REGIONAL HEALTH SYSTEM,MO,0.9765,5
NORTH TEXAS MEDICAL CENTER,TX,0.9765,4
TRISTAR SOUTHERN HILLS MEDICAL CENTER,TN,0.9765,3
ANMED HEALTH,SC,0.9764,5
SSM HEALTH ST ANTHONY HOSPITAL - SHAWNEE,OK,0.9764,5
MEDSTAR GEORGETOWN UNIVERSITY HOSPITAL,DC,0.9763,4
PALMETTO GENERAL HOSPITAL,FL,0.9763,5
CHRISTUS SPOHN HOSPITAL ALICE,TX,0.9762,3
ESSENTIA HEALTH ST MARYS - DETROIT LAKES,MN,0.9762,3
MYMICHIGAN MEDICAL CENTER WEST BRANCH,MI,0.9761,4
UCSF MEDICAL CENTER,CA,0.976,6
ELKHART GENERAL HOSPITAL,IN,0.9759,6
ST ELIZABETH HOSPITAL,CO,0.9759,3
ROPER ST FRANCIS HOSPITAL-BERKELEY INC,SC,0.9758,4
SAN RAMON REGIONAL MEDICAL CENTER,CA,0.9758,5
TEXAS HEALTH PRESBYTERIAN HOSPITAL PLANO,TX,0.9758,6
TEXAS HEALTH PRESBYTERIAN HOSPITAL ROCKWALL,TX,0.9758,3
UH REGIONAL HOSPITALS,OH,0.9758,4
ERIE COUNTY MEDICAL CENTER,NY,0.9757,4
KANSAS MEDICAL CENTER LLC,KS,0.9757,5
KINGMAN REGIONAL MEDICAL CENTER,AZ,0.9757,4
SAINT MARY'S REGIONAL MEDICAL CENTER,NV,0.9757,5
UNIVERSITY OF IOWA HEALTH CARE MEDICAL CENTER DOWN,IA,0.9757,5
UVA HEALTH HAYMARKET MEDICAL CENTER,VA,0.9757,4
AURORA MEDICAL CTR WASHINGTON COUNTY,WI,0.9756,3
METHODIST HOSPITALS OF MEMPHIS,TN,0.9755,6
SOUTHERN TENNESSEE REGIONAL HEALTH SYSTEM PULASKI,TN,0.9755,3
ST JOSEPH MEDICAL CENTER,WA,0.9755,5
THE UNIVERSITY OF TEXAS HEALTH SCIENCE CENTER AT TYLER,TX,0.9754,3
COMMUNITY MEMORIAL HOSPITAL - VENTURA,CA,0.9753,6
INDIANA UNIVERSITY HEALTH NORTH HOSPITAL,IN,0.9753,4
LMH,KS,0.9753,5
MEDSTAR FRANKLIN SQUARE MEDICAL CENTER,MD,0.9753,4
NORTHWEST MEDICAL CENTER,AZ,0.9752,6
REX HOSPITAL,NC,0.9752,6
SANTA BARBARA COTTAGE HOSPITAL,CA,0.9752,6
MYMICHIGAN MEDICAL CENTER ALPENA,MI,0.9751,4
MAYO CLINIC HEALTH SYSTEM EAU CLAIRE HOSPITAL,WI,0.975,6
CALIFORNIA PACIFIC MEDICAL CENTER - MISSION BERNAL,CA,0.9749,4
HILLSBORO MEDICAL CENTER,OR,0.9749,4
MANCHESTER MEMORIAL HOSPITAL,CT,0.9749,4
MEMORIAL HOSPITAL OF SOUTH BEND,IN,0.9749,6
TEXAS HEALTH HARRIS METHODIST HOSPITAL ALLIANCE,TX,0.9749,4
HIGHLANDS MEDICAL CENTER,AL,0.9748,3
WELLSTAR NORTH FULTON MEDICAL CENTER,GA,0.9748,4
NOVANT HEALTH HUNTERSVILLE MEDICAL CENTER,NC,0.9747,5
NOVANT HEALTH THOMASVILLE MEDICAL CENTER,NC,0.9747,3
KECK HOSPITAL OF USC,CA,0.9746,5
KETTERING HEALTH TROY,OH,0.9746,3
SHARON HOSPITAL,CT,0.9746,4
GOLETA VALLEY COTTAGE HOSPITAL,CA,0.9745,3
SCOTLAND MEMORIAL HOSPITAL,NC,0.9745,5
HENDRICKS REGIONAL HEALTH,IN,0.9744,5
SANFORD MEDICAL CENTER ABERDEEN,SD,0.9744,3
WEST TENNESSEE HEALTHCARE HENRY COUNTY HOSPITAL,TN,0.9744,3
ASPIRUS RIVERVIEW HOSPITAL & CLINICS INC,WI,0.9743,3
MEMORIAL HERMANN - TEXAS MEDICAL CENTER,TX,0.9742,5
WILKES-BARRE GENERAL HOSPITAL,PA,0.974,6
BAPTIST HEALTH DEACONESS MADISONVILLE,KY,0.9739,5
MAPLE GROVE HOSPITAL,MN,0.9739,4
THE HEART HOSPITAL BAYLOR DENTON,TX,0.9739,3
ASCENSION ST VINCENT FISHERS,IN,0.9737,3
GRINNELL REGIONAL MEDICAL CENTER,IA,0.9737,3
NOVANT HEALTH BRUNSWICK MEDICAL CENTER,NC,0.9737,4
UOFL HEALTH - SHELBYVILLE HOSPITAL,KY,0.9737,3
BARNES JEWISH HOSPITAL,MO,0.9736,6
"ROCKCASTLE COUNTY HOSPITAL, INC.",KY,0.9736,3
STARR REGIONAL MEDICAL CENTER ATHENS,TN,0.9736,3
T J SAMSON COMMUNITY HOSPITAL,KY,0.9735,5
GLENS FALLS HOSPITAL,NY,0.9734,4
NS/LIJ HS HUNTINGTON HOSPITAL,NY,0.9734,5
AIKEN REGIONAL MEDICAL CENTER,SC,0.9733,4
MAT-SU REGIONAL MEDICAL CENTER,AK,0.9733,5
PARKLAND HEALTH CENTER,MO,0.9733,4
STANFORD HEALTH CARE TRI-VALLEY,CA,0.9732,6
GREAT PLAINS HEALTH,NE,0.9731,5
HOLY CROSS HOSPITAL-JORDAN VALLEY,UT,0.9731,5
TEXAS HEALTH HARRIS METHODIST HOSPITAL CLEBURNE,TX,0.9731,3
INTEGRIS HEALTH PONCA CITY,OK,0.973,4
REDLANDS COMMUNITY HOSPITAL,CA,0.973,4
SUTTER COAST HOSPITAL,CA,0.973,4
WILLIAM W BACKUS HOSPITAL,CT,0.973,4
ASCENSION PROVIDENCE,TX,0.9729,6
ADVENTIST HEALTH HANFORD,CA,0.9728,5
WELLSTAR DOUGLAS MEDICAL CENTER,GA,0.9728,4
GEISINGER-LEWISTOWN HOSPITAL,PA,0.9726,3
THE EAST ALABAMA HEALTHCARE AUTHORITY,AL,0.9726,6
ATRIUM HEALTH NAVICENT THE MEDICAL CENTER,GA,0.9725,6
CALIFORNIA PACIFIC MEDICAL CTR-DAVIES CAMPUS HOSP,CA,0.9725,3
DUBLIN METHODIST HOSPITAL,OH,0.9725,4
RUSH UNIVERSITY MEDICAL CENTER,IL,0.9725,6
SOUTHEAST IOWA REGIONAL MEDICAL CENTER,IA,0.9725,5
DICKINSON COUNTY MEMORIAL HOSPITAL,MI,0.9724,3
FAIRBANKS MEMORIAL HOSPITAL,AK,0.9724,5
PROVIDENCE CENTRALIA HOSPITAL,WA,0.9724,5
SAINT THOMAS RUTHERFORD HOSPITAL,TN,0.9724,6
NORTHWESTERN MEDICAL CENTER INC,VT,0.9723,4
ASCENSION ST FRANCIS HOSPITAL,WI,0.9722,3
BAPTIST HEALTH RICHMOND,KY,0.9721,4
OAKLAWN HOSPITAL,MI,0.9721,3
ST ALEXIUS MEDICAL CENTER,IL,0.9721,5
ST MARK'S HOSPITAL,UT,0.9721,5
AHN WEXFORD HOSPITAL,PA,0.972,3
BAPTIST MEDICAL CENTER  BEACHES,FL,0.972,5
VIRTUA MOUNT HOLLY HOSPITAL,NJ,0.972,4
BAYLOR SCOTT & WHITE MEDICAL CENTER HILLCREST,TX,0.9718,5
MCKENZIE-WILLAMETTE MEDICAL CENTER,OR,0.9718,6
ST FRANCIS MEDICAL CENTER,LA,0.9717,5
AURORA MEDICAL CTR OSHKOSH,WI,0.9716,4
NORTHERN REGIONAL HOSPITAL,NC,0.9716,3
JEFFERSON REGIONAL MEDICAL CENTER,AR,0.9715,5
CENTURA HEALTH-ST ANTHONY NORTH HEALTH CAMPUS,CO,0.9714,4
YAKIMA VALLEY MEMORIAL,WA,0.9714,5
ST PETERS HEALTH,MT,0.9713,5
PRISMA HEALTH HILLCREST HOSPITAL,SC,0.9712,3
WELLMONT HOLSTON VALLEY MEDICAL CENTER,TN,0.9712,6
CARLE HEALTH PROCTOR HOSPITAL,IL,0.9711,4
WHITE PLAINS HOSPITAL CENTER,NY,0.971,6
ADVENTIST HEALTH SONORA,CA,0.9708,4
JAVON BEA HOSPITAL,IL,0.9708,5
MOSAIC LIFE CARE AT ST JOSEPH,MO,0.9708,5
RIDGEVIEW MEDICAL CENTER,MN,0.9708,5
"BLUE RIDGE HEALTHCARE HOSPITALS, INC",NC,0.9705,4
MEDSTAR HARBOR HOSPITAL,MD,0.9705,4
MERCYONE SIOUXLAND MEDICAL CENTER,IA,0.9705,6
UINTAH BASIN MEDICAL CENTER,UT,0.9705,3
AURORA LAKELAND MEDICAL CENTER,WI,0.9703,3
COREWELL HEALTH LUDINGTON HOSPITAL,MI,0.9703,3
RIVERSIDE REGIONAL MEDICAL CENTER,VA,0.9703,5
ADVOCATE CONDELL MEDICAL CENTER,IL,0.9702,6
SUTTER AUBURN FAITH HOSPITAL,CA,0.9702,4
CONTRA COSTA REGIONAL MEDICAL CENTER,CA,0.9701,3
ALOMERE HEALTH,MN,0.97,4
PETERSON REGIONAL MEDICAL CENTER,TX,0.9699,4
MARY RUTAN HOSPITAL,OH,0.9697,4
KAWEAH HEALTH MEDICAL CENTER,CA,0.9696,6
MERCY HOSPITAL FORT SMITH,AR,0.9695,6
NORTON CLARK HOSPITAL,IN,0.9695,4
MEDSTAR MONTGOMERY MEDICAL CENTER,MD,0.9694,5
BRYAN MEDICAL CENTER,NE,0.9693,6
ESSENTIA HEALTH,ND,0.9692,6
ASCENSION ST JOHN JANE PHILLIPS,OK,0.969,5
UNIVERSITY  OF KS HLTH SYSTEM GREAT BEND CAMPUS,KS,0.969,3
UNIVERSITY OF VIRGINIA MEDICAL CENTER,VA,0.9689,6
NORTHWESTERN MEDICINE CENTRAL DUPAGE HOSPITAL,IL,0.9688,6
METHODIST RICHARDSON MEDICAL CENTER,TX,0.9686,5
PORTNEUF MEDICAL CENTER,ID,0.9685,6
SOUTHERN TENNESSEE REGIONAL HEALTH SYSTEM WINCHEST,TN,0.9685,5
BETH ISRAEL DEACONESS HOSPITAL PLYMOUTH,MA,0.9683,5
METHODIST HOSPITAL  STONE OAK,TX,0.9683,6
MONTROSE REGIONAL HEALTH,CO,0.9683,4
ST. PATRICK HOSPITAL,MT,0.9683,6
UNIV. OF VERMONT - FLETCHER ALLEN HEALTH CARE,VT,0.9681,6
AVERA MCKENNAN HOSPITAL & UNIVERSITY HEALTH CENTER,SD,0.968,4
ESSENTIA HEALTH ST MARY'S MEDICAL CENTER,MN,0.968,5
PUTNAM HOSPITAL CENTER,NY,0.9679,4
ST LUKES HOSPITAL OF KANSAS CITY,MO,0.9679,6
PARRISH MEDICAL CENTER,FL,0.9678,5
TITUS REGIONAL MEDICAL CENTER,TX,0.9678,4
MEDICAL COLLEGE OF VIRGINIA HOSPITALS,VA,0.9677,6
UPMC ALTOONA,PA,0.9677,6
CHRISTUS SOUTHERN NEW MEXICO,NM,0.9675,5
ST JOHNS REGIONAL MEDICAL CENTER,CA,0.9674,6
EASTERN IDAHO REGIONAL MEDICAL CENTER,ID,0.9673,6
HOLY CROSS HOSPITAL,FL,0.9673,6
BON SECOURS MEMORIAL REGIONAL MEDICAL CENTER,VA,0.9672,6
ABBOTT NORTHWESTERN HOSPITAL,MN,0.9671,6
ADVENTHEALTH NEW SMYRNA BEACH,FL,0.9671,5
BAPTIST MEMORIAL HOSPITAL BOONEVILLE,MS,0.9671,3
SAN JUAN REGIONAL MEDICAL CENTER INC,NM,0.967,4
BOONE HOSPITAL CENTER,MO,0.9669,6
LOVELACE MEDICAL CENTER,NM,0.9669,6
UNIVERSITY OF MARYLAND MEDICAL CENTER,MD,0.9669,5
SAINT ALPHONSUS REGIONAL MEDICAL CENTER,ID,0.9667,6
SOUTHEASTERN OHIO REGIONAL MEDICAL CENTER,OH,0.9667,3
UCHEALTH HIGHLANDS RANCH HOSPITAL,CO,0.9667,4
EMANATE HEALTH FOOTHILL PRESBYTERIAN HOSPITAL,CA,0.9666,3
NORTH KANSAS CITY HOSPITAL,MO,0.9665,6
STAMFORD HOSPITAL,CT,0.9664,6
SAN ANTONIO REGIONAL HOSPITAL,CA,0.9662,5
SALEM REGIONAL MEDICAL CENTER,OH,0.9661,3
ST FRANCIS HOSPITAL,DE,0.9661,4
NEWPORT HOSPITAL,RI,0.966,4
ST LUKES HOSPITAL,MN,0.966,6
COX MEDICAL CENTERS,MO,0.9659,6
SAINT ROSE DOMINICAN HOSPITALS - SIENA CAMPUS,NV,0.9659,6
UCHICAGO MEDICINE ADVENTHEALTH HINSDALE,IL,0.9659,5
PROVIDENCE LITTLE COMPANY OF MARY MED CTR TORRANCE,CA,0.9657,6
HILLCREST MEDICAL CENTER,OK,0.9656,6
LANCASTER GENERAL HOSPITAL,PA,0.9656,6
WESTERLY HOSPITAL,RI,0.9656,3
BANNER - UNIVERSITY MEDICAL CENTER PHOENIX,AZ,0.9655,5
"DUNCAN REGIONAL HOSPITAL, INC",OK,0.9655,5
MCLEOD LORIS  HOSPITAL,SC,0.9655,5
PALOMAR MEDICAL CENTER POWAY,CA,0.9655,3
DECATUR MORGAN HOSPITAL - DECATUR CAMPUS,AL,0.9653,5
IVINSON MEMORIAL HOSPITAL,WY,0.9652,3
NORTHERN LIGHT  A R GOULD HOSPITAL,ME,0.9651,3
UNC HEALTH CARE WAYNE,NC,0.9651,4
UNIVERSITY OF MD CHARLES REGIONAL  MEDICAL CENTER,MD,0.9651,4
PROVIDENCE ST VINCENT MEDICAL CENTER,OR,0.965,6
TEXAS HEALTH PRESBYTERIAN HOSPITAL DENTON,TX,0.965,5
GRAND LAKE HEALTH SYSTEM,OH,0.9648,3
"BAYHEALTH HOSPITAL, SUSSEX CAMPUS",DE,0.9647,5
SENTARA HALIFAX REGIONAL HOSPITAL,VA,0.9646,3
PARK CITY HOSPITAL,UT,0.9644,3
PAOLI HOSPITAL,PA,0.9643,5
SOUTH ARKANSAS REGIONAL HOSPITAL LLC,AR,0.9642,4
CHI HEALTH LAKESIDE,NE,0.9641,5
GOOD SAMARITAN REGIONAL MEDICAL CENTER,OR,0.9641,6
ST FRANCIS HOSPITAL & MEDICAL CENTER,CT,0.9641,6
BAPTIST MEDICAL CENTER,TX,0.9639,6
HARRIS REGIONAL HOSPITAL,NC,0.9639,4
LOWER KEYS MEDICAL CENTER,FL,0.9639,4
ASCENSION SETON WILLIAMSON,TX,0.9638,5
MEADOWVIEW REGIONAL MEDICAL CENTER,KY,0.9638,4
NORTHSIDE HOSPITAL GWINNETT,GA,0.9638,6
WOODLAND MEMORIAL HOSPITAL,CA,0.9638,3
MAUI MEMORIAL MEDICAL CENTER,HI,0.9637,4
"PRAIRIE LAKES HEALTHCARE SYSTEM, INC",SD,0.9637,5
BANNER BAYWOOD MEDICAL CENTER,AZ,0.9636,4
"BAILEY MEDICAL CENTER, LLC",OK,0.9635,3
TEXAS HEALTH PRESBYTERIAN HOSPITAL FLOWER MOUND,TX,0.9635,3
M HEALTH FAIRVIEW UNIVERSITY OF MN MEDICAL CENTER,MN,0.9634,6
"MEDICAL WEST, AN AFFILIATE OF UAB HEALTH SYSTEM",AL,0.9633,3
ROGER WILLIAMS MEDICAL CENTER,RI,0.9631,3
MEASE COUNTRYSIDE HOSPITAL,FL,0.963,4
THE NEBRASKA METHODIST HOSPITAL,NE,0.963,6
WAUKESHA MEMORIAL HOSPITAL,WI,0.9629,5
MCPHERSON HOSPITAL,KS,0.9628,3
MERCYONE DUBUQUE MEDICAL CENTER,IA,0.9628,4
ACADIAN MEDICAL CENTER,LA,0.9627,3
CHICKASAW NATION MEDICAL CENTER,OK,0.9627,3
KEARNEY REGIONAL MEDICAL CENTER,NE,0.9627,6
WESTCHESTER MEDICAL CENTER,NY,0.9627,6
NOVANT HEALTH MINT HILL MEDICAL CENTER,NC,0.9626,3
MARSHFIELD MEDICAL CENTER - EAU CLAIRE,WI,0.9625,4
STRAUB CLINIC AND HOSPITAL,HI,0.9624,6
CHESHIRE MEDICAL CENTER,NH,0.9623,4
M HEALTH FAIRVIEW RIDGES HOSPITAL,MN,0.9623,4
MEMORIAL HERMANN KATY HOSPITAL,TX,0.9623,4
PENINSULA MEDICAL CENTER,CA,0.9623,6
CAYUGA MEDICAL CENTER AT ITHACA,NY,0.9621,5
DAVIESS COMMUNITY HOSPITAL,IN,0.9621,3
LAWRENCE & MEMORIAL HOSPITAL,CT,0.962,4
LOS ANGELES COMMUNITY HOSPITAL,CA,0.962,3
SANFORD WORTHINGTON MEDICAL CENTER,MN,0.962,3
UNIVERSITY OF IOWA HOSPITAL & CLINICS,IA,0.962,6
INTEGRIS HEALTH EDMOND HOSPITAL,OK,0.9619,4
"LAKELAND HOSPITAL, ST JOSEPH",MI,0.9619,5
TRINITY MUSCATINE,IA,0.9619,3
FRANCISCAN HEALTH MOORESVILLE,IN,0.9617,4
MORTON PLANT HOSPITAL,FL,0.9615,6
OSF SAINT ELIZABETH MDL CTR,IL,0.9615,3
BERKELEY MEDICAL CENTER,WV,0.9613,5
UNIVERSITY HOSPITAL S U N Y HEALTH SCIENCE CENTER,NY,0.9613,6
LOGAN REGIONAL HOSPITAL,UT,0.9611,4
LEGACY EMANUEL MEDICAL CENTER,OR,0.961,5
OCHSNER RUSH HOSPITAL,MS,0.961,5
"COLUMBUS COMMUNITY HOSPITAL, INC",NE,0.9609,4
COASTAL CAROLINA HOSPITAL,SC,0.9608,3
PROMEDICA TOLEDO HOSPITAL,OH,0.9607,6
SAINT JOSEPH REGIONAL MEDICAL CENTER - PLYMOUTH,IN,0.9607,3
UNC HOSPITALS,NC,0.9607,6
NOVATO COMMUNITY HOSPITAL,CA,0.9606,4
ST JOHNS MEDICAL CENTER,WY,0.9606,4
SPENCER MUNICIPAL HOSPITAL,IA,0.9604,4
MUNSON HEALTHCARE CADILLAC HOSPITAL,MI,0.9602,3
"MOSES H. CONE MEMORIAL HOSPITAL, THE",NC,0.96,6
NOVANT HEALTH ROWAN MEDICAL CENTER,NC,0.96,5
HOLZER MEDICAL CENTER,OH,0.9598,4
SAINT LUKES NORTH HOSPITAL,MO,0.9597,4
SUTTER DAVIS HOSPITAL,CA,0.9597,3
PROGRESS WEST HOSPITAL,MO,0.9596,5
RHODE ISLAND HOSPITAL,RI,0.9595,5
SAINT MARY'S HOSPITAL,CT,0.9594,4
CHI-ST VINCENT INFIRMARY,AR,0.9591,5
CONEMAUGH NASON MEDICAL CENTER,PA,0.9591,3
UPMC BEDFORD MEMORIAL,PA,0.9591,3
MUNSON MEDICAL CENTER,MI,0.959,6
RONALD REAGAN UCLA MEDICAL CENTER,CA,0.959,5
THIBODAUX REGIONAL MEDICAL CENTER,LA,0.959,5
SSM HEALTH ST MARY'S HOSPITAL - MADISON,WI,0.9589,6
BERKSHIRE MEDICAL CENTER,MA,0.9588,5
"IDAHO FALLS COMMUNITY HOSPITAL, LLC",ID,0.9587,4
HENRY FORD MACOMB HOSPITAL,MI,0.9586,5
NORTHSIDE HOSPITAL CHEROKEE,GA,0.9586,5
HENDRICK MEDICAL CENTER,TX,0.9585,6
SAGEWEST HEALTH CARE,WY,0.9585,4
BANNER WYOMING MEDICAL CENTER,WY,0.9584,6
HOWARD YOUNG MEDICAL CENTER,WI,0.9584,3
CENTURA HEALTH-ST ANTHONY HOSPITAL,CO,0.9583,5
STRONG MEMORIAL HOSPITAL,NY,0.9583,5
NAVICENT HEALTH BALDWIN,GA,0.9582,3
BANNER MCKEE MEDICAL CENTER,CO,0.958,3
GRAHAM HOSPITAL ASSOCIATION,IL,0.9578,4
WYTHE COUNTY COMMUNITY HOSPITAL,VA,0.9578,3
BROOKWOOD BAPTIST MEDICAL CENTER,AL,0.9577,5
HCA-HEALTHONE DBA SWEDISH MEDICAL CENTER,CO,0.9576,6
LOMA LINDA UNIVERSITY MEDICAL CENTER,CA,0.9576,5
NEWBERRY COUNTY MEMORIAL HOSPITAL,SC,0.9576,3
TEXAS HEALTH HARRIS METHODIST FORT WORTH,TX,0.9576,5
CLEVELAND CLINIC HOSPITAL,FL,0.9575,6
HURLEY MEDICAL CENTER,MI,0.9575,5
BAPTIST MEMORIAL HOSPITAL UNION CITY,TN,0.9574,3
"WAKEMED, CARY HOSPITAL",NC,0.9573,5
ADVENTHEALTH GORDON,GA,0.9572,4
"SUTTER MEDICAL CENTER, SACRAMENTO",CA,0.9572,6
WELLSPAN EVANGELICAL COMMUNITY HOSPITAL,PA,0.9572,5
AKRON GENERAL MEDICAL CENTER,OH,0.9571,6
ALBANY MEDICAL CENTER HOSPITAL,NY,0.9571,6
SSM ST JOSEPH HOSPITAL WEST,MO,0.957,4
ST LUKE'S NAMPA MEDICAL CENTER,ID,0.957,3
MARINHEALTH MEDICAL CENTER,CA,0.9569,6
BRONSON METHODIST HOSPITAL,MI,0.9567,6
SSM HEALTH DEPAUL HOSPITAL ST LOUIS,MO,0.9567,6
RIVERTON HOSPITAL,UT,0.9566,3
SANFORD USD MEDICAL CENTER,SD,0.9566,6
CHRISTUS MOTHER FRANCES HOSPITAL SULPHUR SPRINGS,TX,0.9565,4
PRISMA HEALTH BAPTIST PARKRIDGE,SC,0.9562,3
MUNSON HEALTHCARE GRAYLING HOSPITAL,MI,0.9561,3
INOVA FAIRFAX HOSPITAL,VA,0.9557,6
ALLIANCE COMMUNITY HOSPITAL,OH,0.9556,3
PROVIDENCE QUEEN OF THE VALLEY MEDICAL CENTER,CA,0.9556,6
CATAWBA VALLEY MEDICAL CENTER,NC,0.9555,5
ADVENTIST HEALTH PORTLAND,OR,0.9554,5
LEWISGALE HOSPITAL ALLEGHANY,VA,0.9554,3
"MERCY HOSPITAL OKLAHOMA CITY, INC",OK,0.9553,4
GENESIS HOSPITAL,OH,0.9551,5
PROVIDENCE PORTLAND MEDICAL CENTER,OR,0.9551,5
LEE MEMORIAL HOSPITAL,FL,0.9549,6
UNIVERSITY OF KANSAS HEALTH SYSTEM OLATHE HOSPITAL,KS,0.9547,5
HENRY COUNTY MEMORIAL HOSPITAL,IN,0.9546,4
ADVENTHEALTH HENDERSONVILLE,NC,0.9545,3
HOUSTON METHODIST HOSPITAL,TX,0.9544,6
MID-COLUMBIA MEDICAL CENTER,OR,0.9544,3
OZARKS HEALTHCARE,MO,0.9544,5
WESTERN MARYLAND REGIONAL MEDICAL CENTER,MD,0.9543,6
BANNER - UNIVERSITY MEDICAL CENTER TUCSON CAMPUS,AZ,0.9542,5
PENN PRESBYTERIAN MEDICAL CENTER,PA,0.9539,6
JONES MEMORIAL HOSPITAL,NY,0.9538,3
TRISTAR CENTENNIAL MEDICAL CENTER,TN,0.9537,6
SOUTHERN OHIO MEDICAL CENTER,OH,0.9534,6
ASPIRUS RHINELANDER HOSPITAL,WI,0.9531,3
OCONOMOWOC MEMORIAL HOSPITAL,WI,0.9531,5
"JOHNS HOPKINS HOSPITAL, THE",MD,0.9529,5
SAMARITAN HOSPITAL,WA,0.9529,3
THE NEBRASKA MEDICAL CENTER,NE,0.9529,6
DANBURY HOSPITAL,CT,0.9528,6
ABRAZO SCOTTSDALE CAMPUS,AZ,0.9527,4
LECONTE MEDICAL CENTER,TN,0.9527,3
ODESSA REGIONAL MEDICAL CENTER,TX,0.9522,4
ORLANDO HEALTH SEBASTIAN RIVER HOSPITAL,FL,0.952,4
JOHN T MATHER MEMORIAL HOSPITAL  OF PORT JEFFERSON,NY,0.9515,5
LONG ISLAND COMMUNITY HOSPITAL,NY,0.9513,5
HILL COUNTRY MEMORIAL HOSPITAL,TX,0.9511,4
RUSSELL MEDICAL CENTER,AL,0.9511,5
UNIVERSITY OF MD SHORE MEDICAL CENTER AT EASTON,MD,0.9511,5
GRADY MEMORIAL HOSPITAL,OK,0.951,4
OTTUMWA REGIONAL HEALTH CENTER,IA,0.951,3
PROMEDICA CHARLES AND VIRGINIA HICKMAN HOSPITAL,MI,0.951,4
KAISER SUNNYSIDE MEDICAL CENTER,OR,0.9509,3
NORTHWESTERN LAKE FOREST HOSPITAL,IL,0.9509,5
HOLLAND COMMUNITY HOSPITAL,MI,0.9508,5
CAPE CANAVERAL HOSPITAL,FL,0.9507,5
SOUTHCOAST HOSPITALS GROUP,MA,0.9506,6
MARY LANNING HEALTHCARE,NE,0.9505,4
UPHS MARQUETTE DLP HOSPITAL,MI,0.9505,6
VAIL HEALTH HOSPITAL,CO,0.9505,4
SWEDISH ISSAQUAH,WA,0.9503,4
BORGESS MEDICAL CENTER,MI,0.9499,6
BASSETT HEALTHCARE,NY,0.9498,6
THEDACARE REGIONAL MED CTR - NEENAH,WI,0.9497,3
MAYO CLINIC HEALTH SYSTEM - FAIRMONT,MN,0.9496,3
MONUMENT HEALTH RAPID CITY HOSPITAL,SD,0.9495,6
CHI ST ALEXIUS HEALTH,ND,0.9494,6
PEACEHEALTH ST JOHN MEDICAL CENTER,WA,0.9494,5
THE MEDICAL CENTER (BOWLING GREEN),KY,0.9494,5
NORTHEASTERN NEVADA REGIONAL HOSPITAL,NV,0.9493,5
BETH ISRAEL DEACONESS HOSPITAL - MILTON,MA,0.9492,4
CONFLUENCE HEALTH HOSPITAL,WA,0.9492,6
ASCENSION ST JOHN MEDICAL CENTER,OK,0.9491,5
SARASOTA MEMORIAL HOSPITAL - VENICE,FL,0.9491,5
ST MARYS REGIONAL MEDICAL CENTER,AR,0.949,5
HUNTSVILLE HOSPITAL,AL,0.9487,6
COMMUNITY HOWARD REGIONAL HEALTH INC.,IN,0.9486,5
FHN MEMORIAL HOSPITAL,IL,0.9485,4
MATAGORDA REGIONAL MEDICAL CENTER,TX,0.9485,3
UNIVERSITY OF MD BALTIMORE WASHINGTON MEDICAL CENTER,MD,0.9485,5
BMH-GOLDEN TRIANGLE,MS,0.9484,5
LEGACY GOOD SAMARITAN MEDICAL CENTER,OR,0.9484,5
HOUSTON METHODIST BAYTOWN HOSPITAL,TX,0.948,5
NORTHWEST MEDICAL CENTER,AL,0.948,3
CENTRA HEALTH -  LYNCHBURG GEN HOSPITAL,VA,0.9479,6
GENESIS HLTH SYSTEM DBA GENESIS MDL CTR-ILLINI,IL,0.9477,5
MEDICAL CENTER ENTERPRISE,AL,0.9475,4
DECATUR MEMORIAL HOSPITAL,IL,0.9474,4
GRAYS HARBOR COMMUNITY HOSPITAL,WA,0.9473,5
HAYS MEDICAL CENTER,KS,0.9473,6
TRINITY REGIONAL MEDICAL CENTER,IA,0.9473,4
HILLSDALE HOSPITAL,MI,0.9472,4
UCHEALTH GREELEY HOSPITAL,CO,0.9472,4
ALASKA NATIVE MEDICAL CENTER,AK,0.9471,5
BROOKINGS HEALTH SYSTEM,SD,0.9471,3
VAN WERT COUNTY HOSPITAL,OH,0.9471,3
WHITE RIVER MEDICAL CENTER,AR,0.9471,5
CLEVELAND CLINIC INDIAN RIVER HOSPITAL,FL,0.947,6
SAINT FRANCIS MEDICAL CENTER,MO,0.9469,6
SENTARA RMH MEDICAL CENTER,VA,0.9469,6
ST JOHNS HOSPITAL,IL,0.9469,5
M HEALTH FAIRVIEW SOUTHDALE HOSPITAL,MN,0.9468,6
"SAINT FRANCIS HOSPITAL, INC",OK,0.9468,6
MERCY MEDICAL CENTER,NY,0.9466,5
AVERA ST MARY'S HOSPITAL,SD,0.9464,4
UNITYPOINT HEALTH - DES MOINES IOWA METHODIST MEDI,IA,0.9463,6
FREEMAN HEALTH SYSTEM - FREEMAN WEST,MO,0.9461,6
NORTHWEST MEDICAL CENTER-SPRINGDALE,AR,0.946,4
ST FRANCIS HOSPITAL - THE HEART CENTER,NY,0.9459,6
SUTTER SOLANO MEDICAL CENTER,CA,0.9459,4
ROBERT PACKER HOSPITAL,PA,0.9457,6
LONGS PEAK HOSPITAL,CO,0.9456,4
NMC HEALTH,KS,0.9455,4
NORTH MISSISSIPPI MEDICAL CENTER,MS,0.9454,6
"SOUTHSIDE COMMUNITY HOSPITAL, INC",VA,0.9449,3
BRATTLEBORO MEMORIAL HOSPITAL,VT,0.9448,4
FORT MEMORIAL HOSPITAL,WI,0.9448,3
VIRGINIA MASON MEDICAL CENTER,WA,0.9447,6
SANFORD BEMIDJI MEDICAL CENTER,MN,0.9446,4
SPRING VIEW HOSPITAL,KY,0.9443,4
BENEFIS HOSPITALS INC,MT,0.9442,6
COMMUNITY HOSPITAL NORTH,IN,0.9442,4
ST JOSEPH HOSPITAL,NH,0.9442,5
MARY GREELEY MEDICAL CENTER,IA,0.9441,5
ST LUKES REGIONAL MEDICAL CENTER,IA,0.944,4
SANFORD MEDICAL CENTER BISMARCK,ND,0.9437,5
UNIVERSITY OF COLORADO HOSPITAL AUTHORITY,CO,0.9433,6
OWATONNA HOSPITAL,MN,0.9432,4
CLEVELAND CLINIC,OH,0.9431,6
COX MEDICAL CENTER BRANSON,MO,0.943,4
NORTHSIDE HOSPITAL FORSYTH,GA,0.943,5
BRIGHAM AND WOMEN FAULKNER HOSPITAL,MA,0.9428,4
CHILDRESS REGIONAL MEDICAL CENTER,TX,0.9427,3
MEMORIAL HOSPITAL,IN,0.9427,3
ST CLARE HOSPITAL,WA,0.9427,4
"TIDALHEALTH NANTICOKE, INC.",DE,0.9427,4
SHARP CORONADO HOSPITAL AND HLTHCR CTR,CA,0.9425,4
ST MARYS HOSPITAL MEDICAL CTR,WI,0.9425,4
CARILION MEDICAL CENTER,VA,0.9422,6
ORO VALLEY HOSPITAL,AZ,0.9421,5
ST CLOUD HOSPITAL,MN,0.9419,6
HOLY CROSS HOSPITAL-DAVIS,UT,0.9415,4
ST FRANCIS-DOWNTOWN,SC,0.9415,6
CAMBRIDGE HEALTH ALLIANCE,MA,0.941,4
M HEALTH FAIRVIEW ST JOHN'S HOSPITAL,MN,0.9409,5
SUTTER TRACY COMMUNITY HOSPITAL,CA,0.9407,4
FRENCH HOSPITAL MEDICAL CENTER,CA,0.9406,6
ST MARY'S REGIONAL MEDICAL CENTER,OK,0.9406,5
"WEST VIRGINIA UNIVERSITY HOSPITALS, INC",WV,0.9406,6
BANNER NORTH COLORADO MEDICAL CENTER,CO,0.9405,6
TEXAS HEALTH HARRIS METHODIST HOSPITAL AZLE,TX,0.9403,3
SAMARITAN ALBANY GENERAL HOSPITAL,OR,0.9402,4
ADVENTIST HEALTH ST HELENA,CA,0.9401,5
MEDICAL CENTER HOSPITAL,TX,0.9401,5
ST ANTHONY COMMUNITY HOSPITAL,NY,0.9399,4
EISENHOWER MEDICAL CENTER,CA,0.9398,6
LDS HOSPITAL,UT,0.9398,4
BAPTIST HEALTH CORBIN,KY,0.9397,4
NORTHWELL HOSPITAL GLEN COVE,NY,0.9397,4
COMMUNITY HOSPITAL OF ANDERSON AND MADISON COUNTY,IN,0.9395,5
VALLEY VIEW HOSPITAL ASSOCIATION,CO,0.9394,5
BON SECOURS ST MARYS HOSPITAL,VA,0.9392,6
"WAKEMED, RALEIGH CAMPUS",NC,0.9388,6
GREATER BALTIMORE MEDICAL CENTER,MD,0.9387,4
NEW YORK-PRESBYTERIAN/QUEENS,NY,0.9386,5
SOUTH FLORIDA BAPTIST HOSPITAL,FL,0.9383,4
COMMUNITY HOSPITAL,CO,0.9382,3
TAYLOR REGIONAL HOSPITAL,KY,0.9381,3
KERSHAWHEALTH,SC,0.938,4
UNIVERSITY OF KANSAS HOSPITAL,KS,0.938,5
"TIDALHEALTH PENINSULA REGIONAL, INC",MD,0.9379,6
ASANTE THREE RIVERS MEDICAL CENTER,OR,0.9378,4
Baylor St Lukes Medical Center,TX,0.9372,5
LEHIGH VALLEY HOSPITAL - HAZLETON,PA,0.937,4
ALLIANCEHEALTH WOODWARD,OK,0.9368,4
SWEDISH MEDICAL CENTER,WA,0.9368,4
"ASCENSION VIA CHRISTI HOSPITALS WICHITA, INC.",KS,0.9365,6
PROVIDENCE HOLY FAMILY HOSPITAL,WA,0.9365,3
LENOX HILL HOSPITAL,NY,0.9362,6
MAINEHEALTH MAINE MEDICAL CENTER,ME,0.9362,6
HACKENSACK MERIDIAN HEALTH PASCACK VALLEY MEDICAL,NJ,0.936,4
CARILION FRANKLIN MEMORIAL HOSPITAL,VA,0.9359,3
WELLSPAN EPHRATA COMMUNITY HOSPITAL,PA,0.9359,4
BELLIN MEMORIAL HOSPITAL,WI,0.9357,5
"ASCENSION PROVIDENCE HOSPITAL, SOUTHFIELD AND NOVI",MI,0.935,6
RENOWN REGIONAL MEDICAL CENTER,NV,0.9349,5
ASCENSION NE WISCONSIN - ST ELIZABETH CAMPUS,WI,0.9348,6
SENTARA MARTHA JEFFERSON HOSPITAL,VA,0.9348,5
UNIVERSITY OF UTAH HOSPITAL AND CLINICS,UT,0.9347,6
HILLCREST HOSPITAL CLAREMORE,OK,0.9346,3
MERCY MEDICAL CENTER - CEDAR RAPIDS,IA,0.9344,6
SARASOTA MEMORIAL HOSPITAL,FL,0.9344,6
AULTMAN HOSPITAL,OH,0.9342,5
"OKLAHOMA HEART HOSPITAL SOUTH, LLC",OK,0.9338,4
RIVERSIDE METHODIST HOSPITAL,OH,0.9337,6
JOHNS HOPKINS BAYVIEW MEDICAL CENTER,MD,0.9336,5
SALEM HOSPITAL,OR,0.9336,6
DEACONESS MEDICAL CENTER,WA,0.9332,6
GUNDERSEN LUTHERAN MEDICAL CENTER,WI,0.933,5
COVENANT MEDICAL CENTER,TX,0.9329,5
CHI HEALTH NEBRASKA HEART,NE,0.9328,3
PEACEHEALTH SOUTHWEST MEDICAL CENTER,WA,0.9327,6
NOVANT HEALTH NEW HANOVER REGIONAL MEDICAL CENTER,NC,0.9325,6
MERCY REGIONAL MEDICAL CENTER,CO,0.9324,4
MEDSTAR SAINT MARY'S HOSPITAL,MD,0.9323,5
MEMORIAL HERMANN MEMORIAL CITY HOSPITAL,TX,0.9321,5
SWEDISH MEDICAL CENTER / CHERRY HILL,WA,0.9321,4
PHELPS HOSPITAL,NY,0.9317,4
UCH-MEMORIAL HEALTH SYSTEM,CO,0.9312,6
RIVERSIDE WALTER REED HOSPITAL,VA,0.9311,5
EVERGREENHEALTH MEDICAL CENTER,WA,0.9309,5
PRESBYTERIAN HOSPITAL,NM,0.9309,6
ALTA BATES SUMMIT MEDICAL CENTER,CA,0.9306,6
HUDSON VALLEY HOSPITAL CENTER,NY,0.9301,5
MOUNT AUBURN HOSPITAL,MA,0.93,6
INDIANA UNIVERSITY HEALTH BLOOMINGTON HOSPITAL,IN,0.9297,6
SCHNECK MEDICAL CENTER,IN,0.9296,3
HOAG MEMORIAL HOSPITAL PRESBYTERIAN,CA,0.9293,5
INOVA ALEXANDRIA HOSPITAL,VA,0.9292,5
MEMORIAL HOSPITAL AND HEALTH CARE CENTER,IN,0.929,5
ST JOSEPH HOSPITAL,WA,0.9287,6
INOVA LOUDOUN HOSPITAL,VA,0.9286,5
BILLINGS CLINIC,MT,0.9284,6
AdventHealth Parker,CO,0.9283,5
SUNY/STONY BROOK UNIVERSITY HOSPITAL,NY,0.9278,6
VERDE VALLEY MEDICAL CENTER,AZ,0.9275,4
MERCYONE DES MOINES MEDICAL CENTER,IA,0.9274,6
SKY LAKES MEDICAL CENTER,OR,0.9269,5
PROVIDENCE ALASKA MEDICAL CENTER,AK,0.9266,6
UNIVERSITY OF MD SHORE MEDICAL CTR AT CHESTERTOWN,MD,0.9266,3
"SAMARITAN HOSPITAL OF TROY, NEW YORK",NY,0.9263,4
LUTHERAN MEDICAL CENTER,CO,0.9262,4
OUR LADY OF THE LAKE REGIONAL MEDICAL CENTER,LA,0.9261,5
HACKENSACK UNIVERSITY MEDICAL CENTER,NJ,0.9258,6
BUFFALO HOSPITAL,MN,0.9255,3
LABETTE HEALTH,KS,0.9255,4
MARSHALL MEDICAL CENTER,CA,0.9255,4
KUAKINI MEDICAL CENTER,HI,0.9248,4
"MEMORIAL HEALTHCARE SYSTEM, INC",TN,0.9248,6
CEDARS-SINAI MEDICAL CENTER,CA,0.9244,6
CENTRAL MAINE MEDICAL CENTER,ME,0.9244,5
ST VINCENT HOSPITAL,WI,0.9244,5
JOHN MUIR MEDICAL CENTER - WALNUT CREEK CAMPUS,CA,0.9243,5
SAINT JOHN'S HEALTH CENTER,CA,0.9238,6
MUSC HEALTH COLUMBIA MEDICAL CENTER DOWNTOWN,SC,0.9235,6
PARDEE HOSPITAL HENDERSON COUNTY,NC,0.9234,5
MAINE GENERAL MEDICAL CENTER,ME,0.9233,4
TRINITY HEALTH LIVINGSTON HOSPITAL,MI,0.9226,3
ASPIRUS WAUSAU HOSPITAL,WI,0.9225,6
BOZEMAN HEALTH DEACONESS HOSPITAL,MT,0.9225,5
MEDICAL CENTER OF THE ROCKIES,CO,0.9225,6
PROVIDENCE ST JOSEPH HOSPITAL,CA,0.9223,6
WELLSPAN GOOD SAMARITAN HOSPITAL,PA,0.9222,5
CAROLINAS MEDICAL CENTER/BEHAV HEALTH,NC,0.9219,6
WEST CALCASIEU CAMERON HOSPITAL,LA,0.9218,4
CHI HEALTH BERGAN MERCY,NE,0.9215,5
BAYLOR SCOTT & WHITE THE HEART HOSPITAL PLANO,TX,0.9213,4
SINAI HOSPITAL OF BALTIMORE,MD,0.921,6
LOGAN HEALTH MEDICAL CENTER,MT,0.9204,5
MARY HITCHCOCK MEMORIAL HOSPITAL,NH,0.9201,6
EDWARD W SPARROW HOSPITAL,MI,0.9195,5
STANFORD HEALTH CARE,CA,0.9195,6
PROVIDENCE REGIONAL MEDICAL CENTER EVERETT,WA,0.9192,6
ST JOSEPH REGIONAL MEDICAL CENTER,ID,0.9191,4
PRISMA HEALTH GREER MEMORIAL HOSPITAL,SC,0.9188,3
ST CHARLES MEDICAL CENTER - BEND,OR,0.9185,6
"ASCENSION VIA CHRISTI HOSPITAL MANHATTAN, INC",KS,0.9183,5
GRIFFIN HOSPITAL,CT,0.9183,4
TRINITY HEALTH MUSKEGON HOSPITAL,MI,0.9183,6
MARSHALL MEDICAL CENTERS,AL,0.9181,4
UNIVERSITY OF MICHIGAN HEALTH - WEST,MI,0.9178,5
ST ANTHONY HOSPITAL,WA,0.9177,4
SEQUOIA HOSPITAL,CA,0.9176,6
VANDERBILT UNIVERSITY MEDICAL CENTER,TN,0.9173,6
MASSACHUSETTS GENERAL HOSPITAL,MA,0.9166,6
PENN HIGHLANDS DUBOIS,PA,0.9162,6
ASCENSION ST VINCENT EVANSVILLE,IN,0.916,6
GETTYSBURG HOSPITAL,PA,0.9158,4
MULTICARE VALLEY HOSPITAL,WA,0.915,4
BAPTIST HEALTH PADUCAH,KY,0.9145,5
ALTA BATES SUMMIT MEDICAL CENTER - ALTA BATES CAMP,CA,0.9143,4
THE MIRIAM HOSPITAL,RI,0.9138,5
INTERMOUNTAIN HEALTH UTAH VALLEY HOSPITAL,UT,0.9134,5
CHRISTUS MOTHER FRANCES HOSPITAL,TX,0.9125,6
CHRISTIANA HOSPITAL,DE,0.9122,6
DUKE UNIVERSITY HOSPITAL,NC,0.912,6
SPECTRUM HEALTH,MI,0.9115,6
INTERMOUNTAIN HEALTH ST VINCENT REGIONAL HOSPITAL,MT,0.9111,6
CAMERON REGIONAL MEDICAL CENTER,MO,0.9107,4
SACRED HEART MEDICAL CENTER - RIVERBEND,OR,0.9107,6
INTERMOUNTAIN HEALTH ST. MARY'S REGIONAL HOSPITAL,CO,0.9098,6
ST VINCENT HEART CENTER,IN,0.9097,3
HARRISON MEDICAL CENTER,WA,0.909,6
WASHINGTON REGIONAL MEDICAL CENTER,AR,0.908,6
MAYO CLINIC HEALTH SYSTEM-FRANCISCAN MEDICAL CENTER INC,WI,0.9078,4
PALM BAY HOSPITAL,FL,0.9072,5
PRESENCE ST MARYS HOSPITAL,IL,0.9071,5
ERLANGER MEDICAL CENTER,TN,0.9068,6
MEADVILLE MEDICAL CENTER,PA,0.9068,5
MOUNT SINAI HOSPITAL,NY,0.9057,6
GARRETT REGIONAL MEDICAL CENTER,MD,0.9052,4
NEW YORK-PRESBYTERIAN HOSPITAL,NY,0.9051,6
SANFORD MEDICAL CENTER FARGO,ND,0.9049,6
SSM HEALTH ST ANTHONY HOSPITAL - OKLAHOMA CITY,OK,0.9033,6
NOVANT HEALTH FORSYTH MEDICAL CENTER,NC,0.9028,6
MERCYONE WATERLOO MEDICAL CENTER,IA,0.9023,5
SAUK PRAIRIE HOSPITAL,WI,0.9014,3
MEDSTAR UNION MEMORIAL HOSPITAL,MD,0.9009,6
NOVANT HEALTH PRESBYTERIAN MEDICAL CENTER,NC,0.9009,6
ST CHARLES HOSPITAL,NY,0.9009,4
KOOTENAI HEALTH,ID,0.9006,6
MEMORIAL MISSION HOSPITAL AND ASHEVILLE SURGERY CE,NC,0.9002,6
SCRIPPS GREEN HOSPITAL,CA,0.8989,4
OVERLOOK MEDICAL CENTER,NJ,0.8987,5
KADLEC REGIONAL MEDICAL CENTER,WA,0.8984,6
THEDACARE REGIONAL MEDICAL CENTER - APPLETON INC,WI,0.8984,6
PROV SACRED HRT MED CTR & CHILDS HOSP.,WA,0.8964,6
ST LUKE'S REGIONAL MEDICAL CENTER,ID,0.8958,6
PROVIDENCE ST MARY MEDICAL CENTER,WA,0.8957,5
VIERA HOSPITAL,FL,0.8957,4
WILLIAMSON MEDICAL CENTER,TN,0.8957,5
ST. GEORGE REGIONAL HOSPITAL,UT,0.8946,6
UNIVERSITY OF KENTUCKY HOSPITAL,KY,0.8945,5
ALTRU HOSPITAL,ND,0.8937,5
SALINA REGIONAL HEALTH CENTER,KS,0.8935,6
MAYO CLINIC HOSPITAL ROCHESTER,MN,0.8927,6
ADIRONDACK MEDICAL CENTER - SARANAC LAKE,NY,0.8923,4
ST CATHERINE OF SIENA HOSPITAL,NY,0.8898,4
WESLEY MEDICAL CENTER,KS,0.8898,6
ST LUKES MAGIC VALLEY MEDICAL CENTER,ID,0.8894,4
GOOD SAMARITAN HOSPITAL MEDICAL CENTER,NY,0.8888,6
MCKAY-DEE HOSPITAL,UT,0.8873,6
POUDRE VALLEY HOSPITAL,CO,0.8859,5
CHRISTUS ST VINCENT REGIONAL MEDICAL CENTER,NM,0.8843,4
CHILTON MEDICAL CENTER,NJ,0.8833,4
ASANTE ROGUE REGIONAL MEDICAL CENTER,OR,0.8816,5
AVERA HEART HOSPITAL OF SOUTH DAKOTA,SD,0.8814,3
TEXAS HEALTH PRESBYTERIAN HOSPITAL DALLAS,TX,0.8813,6
MERCY MEDICAL CENTER,OR,0.8791,4
MAYO CLINIC HEALTH SYSTEM - MANKATO,MN,0.8678,5
KANSAS HEART HOSPITAL,KS,0.8666,3
PRATT REGIONAL MEDICAL CENTER,KS,0.8643,4
HOLMES REGIONAL MEDICAL CENTER,FL,0.8605,6
NYU LANGONE HOSPITALS,NY,0.856,6
MORRISTOWN MEDICAL CENTER,NJ,0.854,6
INTERMOUNTAIN MEDICAL CENTER,UT,0.8535,5
AUGUSTA HEALTH,VA,0.8226,5
NORTHERN LIGHT EASTERN MAINE MEDICAL CENTER,ME,0.8144,6
